[{"model": "contenttypes.contenttype", "pk": 13, "fields": {"app_label": "admin", "model": "logentry"}}, {"model": "contenttypes.contenttype", "pk": 14, "fields": {"app_label": "auth", "model": "permission"}}, {"model": "contenttypes.contenttype", "pk": 15, "fields": {"app_label": "auth", "model": "group"}}, {"model": "contenttypes.contenttype", "pk": 16, "fields": {"app_label": "auth", "model": "user"}}, {"model": "contenttypes.contenttype", "pk": 17, "fields": {"app_label": "contenttypes", "model": "contenttype"}}, {"model": "contenttypes.contenttype", "pk": 18, "fields": {"app_label": "sessions", "model": "session"}}, {"model": "contenttypes.contenttype", "pk": 19, "fields": {"app_label": "operating", "model": "region"}}, {"model": "contenttypes.contenttype", "pk": 20, "fields": {"app_label": "operating", "model": "industry"}}, {"model": "contenttypes.contenttype", "pk": 21, "fields": {"app_label": "operating", "model": "username"}}, {"model": "contenttypes.contenttype", "pk": 22, "fields": {"app_label": "operating", "model": "npmargin"}}, {"model": "contenttypes.contenttype", "pk": 23, "fields": {"app_label": "operating", "model": "companynetpercentage"}}, {"model": "contenttypes.contenttype", "pk": 24, "fields": {"app_label": "operating", "model": "operatingmargin"}}, {"model": "contenttypes.contenttype", "pk": 25, "fields": {"app_label": "cycles", "model": "balancesheet"}}, {"model": "contenttypes.contenttype", "pk": 26, "fields": {"app_label": "cycles", "model": "profitandloss"}}, {"model": "contenttypes.contenttype", "pk": 27, "fields": {"app_label": "operating", "model": "trialbalance"}}, {"model": "sessions.session", "pk": "076bpcjdlutzl6pyabmkwgggm5kgcqf6", "fields": {"session_data": "MDM0OTlmYWRiZjM4MjAzZDBhOTFkZDc0MWMyNTFkYzRkYzgzNWM2YTp7InNlbGVjdGVkX2luZHVzdHJ5IjoiQWR2ZXJ0aXNpbmciLCJzZWxlY3RlZF91c2VyIjoiZCIsIl9hdXRoX3VzZXJfaWQiOiIyIiwiX2F1dGhfdXNlcl9iYWNrZW5kIjoiZGphbmdvLmNvbnRyaWIuYXV0aC5iYWNrZW5kcy5Nb2RlbEJhY2tlbmQiLCJfYXV0aF91c2VyX2hhc2giOiJlYjg0ZDcwMzE5ZGY3MjE5YjgwNGM2MzE2NGE1ZmViZjNkNTVjYjkyIn0=", "expire_date": "2018-03-10T13:21:13.974Z"}}, {"model": "sessions.session", "pk": "7b9mgx3zs827tzufpuqntefz9339dkmz", "fields": {"session_data": "NDQyZGMzNTAzNzNlYjY1ODBiOTMzOWU1NDg5MmY5MTlmMmU2MDEwNzp7Il9hdXRoX3VzZXJfaWQiOiIyIiwiX2F1dGhfdXNlcl9iYWNrZW5kIjoiZGphbmdvLmNvbnRyaWIuYXV0aC5iYWNrZW5kcy5Nb2RlbEJhY2tlbmQiLCJfYXV0aF91c2VyX2hhc2giOiJlYjg0ZDcwMzE5ZGY3MjE5YjgwNGM2MzE2NGE1ZmViZjNkNTVjYjkyIn0=", "expire_date": "2018-03-02T10:59:21.375Z"}}, {"model": "sessions.session", "pk": "wu863ki47gg5exgabkeywfp9jspha1wl", "fields": {"session_data": "YTQyNjVhMTAxMDcyM2Q0N2I1MGRhY2VhMTU3N2ZlNzhlMGFjYWM2NDp7Il9hdXRoX3VzZXJfaWQiOiIyIiwiX2F1dGhfdXNlcl9iYWNrZW5kIjoiZGphbmdvLmNvbnRyaWIuYXV0aC5iYWNrZW5kcy5Nb2RlbEJhY2tlbmQiLCJfYXV0aF91c2VyX2hhc2giOiJlYjg0ZDcwMzE5ZGY3MjE5YjgwNGM2MzE2NGE1ZmViZjNkNTVjYjkyIiwic2VsZWN0ZWRfaW5kdXN0cnkiOiJUcnVja2luZyIsInNlbGVjdGVkX3VzZXIiOiJOaXRoaW4ifQ==", "expire_date": "2018-03-23T04:31:09.310Z"}}, {"model": "operating.region", "pk": 2, "fields": {"region_name": "United States"}}, {"model": "operating.region", "pk": 3, "fields": {"region_name": "Aus, NZ & Canada"}}, {"model": "operating.region", "pk": 4, "fields": {"region_name": "Europe"}}, {"model": "operating.region", "pk": 5, "fields": {"region_name": "Emerging Markets"}}, {"model": "operating.region", "pk": 6, "fields": {"region_name": "Japan"}}, {"model": "operating.industry", "pk": 2, "fields": {"industry_name": "Advertising"}}, {"model": "operating.industry", "pk": 3, "fields": {"industry_name": "aerospace"}}, {"model": "operating.industry", "pk": 4, "fields": {"industry_name": "air transport"}}, {"model": "operating.industry", "pk": 5, "fields": {"industry_name": "apparel"}}, {"model": "operating.industry", "pk": 6, "fields": {"industry_name": "Auto & Truck"}}, {"model": "operating.industry", "pk": 7, "fields": {"industry_name": "Auto Parts"}}, {"model": "operating.industry", "pk": 8, "fields": {"industry_name": "Bank (Money Center)"}}, {"model": "operating.industry", "pk": 9, "fields": {"industry_name": "Banks (Regional)"}}, {"model": "operating.industry", "pk": 10, "fields": {"industry_name": "Beverage (Alcoholic)"}}, {"model": "operating.industry", "pk": 11, "fields": {"industry_name": "Beverage (Soft)"}}, {"model": "operating.industry", "pk": 12, "fields": {"industry_name": "Broadcasting"}}, {"model": "operating.industry", "pk": 13, "fields": {"industry_name": "Brokerage & Investment Ba"}}, {"model": "operating.industry", "pk": 14, "fields": {"industry_name": "Building Materials"}}, {"model": "operating.industry", "pk": 15, "fields": {"industry_name": "Business & Consumer Servi"}}, {"model": "operating.industry", "pk": 16, "fields": {"industry_name": "Cable TV"}}, {"model": "operating.industry", "pk": 17, "fields": {"industry_name": "Chemical (Basic)"}}, {"model": "operating.industry", "pk": 18, "fields": {"industry_name": "Chemical (Diversified)"}}, {"model": "operating.industry", "pk": 19, "fields": {"industry_name": "Chemical (Specialty)"}}, {"model": "operating.industry", "pk": 20, "fields": {"industry_name": "Coal & Related Energy"}}, {"model": "operating.industry", "pk": 21, "fields": {"industry_name": "Computer Services"}}, {"model": "operating.industry", "pk": 22, "fields": {"industry_name": "Computers/Peripherals"}}, {"model": "operating.industry", "pk": 23, "fields": {"industry_name": "Construction Supplies"}}, {"model": "operating.industry", "pk": 24, "fields": {"industry_name": "Diversified"}}, {"model": "operating.industry", "pk": 25, "fields": {"industry_name": "Drugs (Biotechnology)"}}, {"model": "operating.industry", "pk": 26, "fields": {"industry_name": "Drugs (Pharmaceutical)"}}, {"model": "operating.industry", "pk": 27, "fields": {"industry_name": "Education"}}, {"model": "operating.industry", "pk": 28, "fields": {"industry_name": "Electrical Equipment"}}, {"model": "operating.industry", "pk": 29, "fields": {"industry_name": "Electronics (Consumer & Office)"}}, {"model": "operating.industry", "pk": 30, "fields": {"industry_name": "Electronics (General)"}}, {"model": "operating.industry", "pk": 31, "fields": {"industry_name": "Engineering/Construction"}}, {"model": "operating.industry", "pk": 32, "fields": {"industry_name": "Entertainment"}}, {"model": "operating.industry", "pk": 33, "fields": {"industry_name": "Environmental & Waste Services"}}, {"model": "operating.industry", "pk": 34, "fields": {"industry_name": "Farming/Agriculture"}}, {"model": "operating.industry", "pk": 35, "fields": {"industry_name": "Financial Svcs. (Non-bank & Insurance)"}}, {"model": "operating.industry", "pk": 36, "fields": {"industry_name": "Food Processing"}}, {"model": "operating.industry", "pk": 37, "fields": {"industry_name": "Food Wholesalers"}}, {"model": "operating.industry", "pk": 38, "fields": {"industry_name": "Furn/Home Furnishings"}}, {"model": "operating.industry", "pk": 39, "fields": {"industry_name": "Green & Renewable Energy"}}, {"model": "operating.industry", "pk": 40, "fields": {"industry_name": "Healthcare Products"}}, {"model": "operating.industry", "pk": 41, "fields": {"industry_name": "Healthcare Support Services"}}, {"model": "operating.industry", "pk": 42, "fields": {"industry_name": "Heathcare Information and Technology"}}, {"model": "operating.industry", "pk": 43, "fields": {"industry_name": "Homebuilding"}}, {"model": "operating.industry", "pk": 44, "fields": {"industry_name": "Hospitals/Healthcare Facilities"}}, {"model": "operating.industry", "pk": 45, "fields": {"industry_name": "Hotel/Gaming"}}, {"model": "operating.industry", "pk": 46, "fields": {"industry_name": "Household Products"}}, {"model": "operating.industry", "pk": 47, "fields": {"industry_name": "Information Services"}}, {"model": "operating.industry", "pk": 48, "fields": {"industry_name": "Insurance (General)"}}, {"model": "operating.industry", "pk": 49, "fields": {"industry_name": "Insurance (Life)"}}, {"model": "operating.industry", "pk": 50, "fields": {"industry_name": "Insurance (Prop/Cas.)"}}, {"model": "operating.industry", "pk": 51, "fields": {"industry_name": "Investments & Asset Management"}}, {"model": "operating.industry", "pk": 52, "fields": {"industry_name": "Machinery"}}, {"model": "operating.industry", "pk": 53, "fields": {"industry_name": "Metals & Mining"}}, {"model": "operating.industry", "pk": 54, "fields": {"industry_name": "Office Equipment & Services"}}, {"model": "operating.industry", "pk": 55, "fields": {"industry_name": "Oil/Gas (Integrated)"}}, {"model": "operating.industry", "pk": 56, "fields": {"industry_name": "Oil/Gas (Production and Exploration)"}}, {"model": "operating.industry", "pk": 57, "fields": {"industry_name": "Oil/Gas Distribution"}}, {"model": "operating.industry", "pk": 58, "fields": {"industry_name": "Oilfield Svcs/Equip."}}, {"model": "operating.industry", "pk": 59, "fields": {"industry_name": "Packaging & Container"}}, {"model": "operating.industry", "pk": 60, "fields": {"industry_name": "Paper/Forest Products"}}, {"model": "operating.industry", "pk": 61, "fields": {"industry_name": "Power"}}, {"model": "operating.industry", "pk": 62, "fields": {"industry_name": "Precious Metals"}}, {"model": "operating.industry", "pk": 63, "fields": {"industry_name": "Publishing & Newspapers"}}, {"model": "operating.industry", "pk": 64, "fields": {"industry_name": "R.E.I.T."}}, {"model": "operating.industry", "pk": 65, "fields": {"industry_name": "Real Estate (Development)"}}, {"model": "operating.industry", "pk": 66, "fields": {"industry_name": "Real Estate (General/Diversified)"}}, {"model": "operating.industry", "pk": 67, "fields": {"industry_name": "Real Estate (Operations & Services)"}}, {"model": "operating.industry", "pk": 68, "fields": {"industry_name": "Recreation"}}, {"model": "operating.industry", "pk": 69, "fields": {"industry_name": "Reinsurance"}}, {"model": "operating.industry", "pk": 70, "fields": {"industry_name": "Restaurant/Dining"}}, {"model": "operating.industry", "pk": 71, "fields": {"industry_name": "Retail (Automotive)"}}, {"model": "operating.industry", "pk": 72, "fields": {"industry_name": "Retail (Building Supply)"}}, {"model": "operating.industry", "pk": 73, "fields": {"industry_name": "Retail (Distributors)"}}, {"model": "operating.industry", "pk": 74, "fields": {"industry_name": "Retail (General)"}}, {"model": "operating.industry", "pk": 75, "fields": {"industry_name": "Retail (Grocery and Food)"}}, {"model": "operating.industry", "pk": 76, "fields": {"industry_name": "Retail (Online)"}}, {"model": "operating.industry", "pk": 77, "fields": {"industry_name": "Retail (Special Lines)"}}, {"model": "operating.industry", "pk": 78, "fields": {"industry_name": "Rubber& Tires"}}, {"model": "operating.industry", "pk": 79, "fields": {"industry_name": "Semiconductor"}}, {"model": "operating.industry", "pk": 80, "fields": {"industry_name": "Semiconductor Equip"}}, {"model": "operating.industry", "pk": 81, "fields": {"industry_name": "Shipbuilding & Marine"}}, {"model": "operating.industry", "pk": 82, "fields": {"industry_name": "Shoe"}}, {"model": "operating.industry", "pk": 83, "fields": {"industry_name": "Software (Entertainment)"}}, {"model": "operating.industry", "pk": 84, "fields": {"industry_name": "Software (Internet)"}}, {"model": "operating.industry", "pk": 85, "fields": {"industry_name": "Software (System & Application)"}}, {"model": "operating.industry", "pk": 86, "fields": {"industry_name": "Steel"}}, {"model": "operating.industry", "pk": 87, "fields": {"industry_name": "Telecom (Wireless)"}}, {"model": "operating.industry", "pk": 88, "fields": {"industry_name": "Telecom. Equipment"}}, {"model": "operating.industry", "pk": 89, "fields": {"industry_name": "Telecom. Services"}}, {"model": "operating.industry", "pk": 90, "fields": {"industry_name": "Tobacco"}}, {"model": "operating.industry", "pk": 91, "fields": {"industry_name": "Transportation"}}, {"model": "operating.industry", "pk": 92, "fields": {"industry_name": "Transportation (Railroads)"}}, {"model": "operating.industry", "pk": 93, "fields": {"industry_name": "Trucking"}}, {"model": "operating.industry", "pk": 94, "fields": {"industry_name": "Utility (General)"}}, {"model": "operating.industry", "pk": 95, "fields": {"industry_name": "Utility (Water)"}}, {"model": "operating.username", "pk": 3, "fields": {"user_name": "rr"}}, {"model": "operating.npmargin", "pk": 2, "fields": {"region": 2, "industry": 2, "npy2015": "5.45", "npy2016": "6.04", "npy2017": "4.32"}}, {"model": "operating.npmargin", "pk": 3, "fields": {"region": 2, "industry": 3, "npy2015": "7.22", "npy2016": "7.15", "npy2017": "7.60"}}, {"model": "operating.npmargin", "pk": 4, "fields": {"region": 2, "industry": 4, "npy2015": "7.03", "npy2016": "10.79", "npy2017": "10.86"}}, {"model": "operating.npmargin", "pk": 5, "fields": {"region": 2, "industry": 4, "npy2015": "7.03", "npy2016": "10.79", "npy2017": "10.86"}}, {"model": "operating.npmargin", "pk": 6, "fields": {"region": 2, "industry": 5, "npy2015": "3.43", "npy2016": "6.29", "npy2017": "6.27"}}, {"model": "operating.npmargin", "pk": 20, "fields": {"region": 2, "industry": 20, "npy2015": "12.62", "npy2016": "-17.72", "npy2017": "-23.47"}}, {"model": "operating.npmargin", "pk": 21, "fields": {"region": 2, "industry": 21, "npy2015": "5.93", "npy2016": "6.02", "npy2017": "5.95"}}, {"model": "operating.npmargin", "pk": 22, "fields": {"region": 2, "industry": 22, "npy2015": "14.34", "npy2016": "14.18", "npy2017": "13.55"}}, {"model": "operating.npmargin", "pk": 23, "fields": {"region": 2, "industry": 23, "npy2015": "4.78", "npy2016": "3.99", "npy2017": "5.17"}}, {"model": "operating.npmargin", "pk": 24, "fields": {"region": 2, "industry": 24, "npy2015": "8.54", "npy2016": "9.96", "npy2017": "5.73"}}, {"model": "operating.npmargin", "pk": 25, "fields": {"region": 2, "industry": 25, "npy2015": "12.57", "npy2016": "15.45", "npy2017": "17.67"}}, {"model": "operating.npmargin", "pk": 26, "fields": {"region": 2, "industry": 26, "npy2015": "14.05", "npy2016": "14.19", "npy2017": "17.52"}}, {"model": "operating.npmargin", "pk": 27, "fields": {"region": 2, "industry": 27, "npy2015": "1.38", "npy2016": "2.01", "npy2017": "0.54"}}, {"model": "operating.npmargin", "pk": 28, "fields": {"region": 2, "industry": 28, "npy2015": "6.21", "npy2016": "6.71", "npy2017": "7.12"}}, {"model": "operating.npmargin", "pk": 29, "fields": {"region": 2, "industry": 29, "npy2015": "-10.63", "npy2016": "-1.72", "npy2017": "5.49"}}, {"model": "operating.npmargin", "pk": 30, "fields": {"region": 2, "industry": 30, "npy2015": "6.67", "npy2016": "5.80", "npy2017": "6.78"}}, {"model": "operating.npmargin", "pk": 31, "fields": {"region": 2, "industry": 31, "npy2015": "1.99", "npy2016": "0.57", "npy2017": "0.49"}}, {"model": "operating.npmargin", "pk": 32, "fields": {"region": 2, "industry": 32, "npy2015": "11.50", "npy2016": "12.58", "npy2017": "14.97"}}, {"model": "operating.npmargin", "pk": 33, "fields": {"region": 2, "industry": 33, "npy2015": "4.41", "npy2016": "4.63", "npy2017": "4.29"}}, {"model": "operating.npmargin", "pk": 34, "fields": {"region": 2, "industry": 34, "npy2015": "3.08", "npy2016": "3.18", "npy2017": "3.12"}}, {"model": "operating.npmargin", "pk": 35, "fields": {"region": 2, "industry": 35, "npy2015": "26.46", "npy2016": "21.77", "npy2017": "22.30"}}, {"model": "operating.npmargin", "pk": 36, "fields": {"region": 2, "industry": 36, "npy2015": "7.37", "npy2016": "6.73", "npy2017": "6.86"}}, {"model": "operating.npmargin", "pk": 37, "fields": {"region": 2, "industry": 37, "npy2015": "1.34", "npy2016": "1.13", "npy2017": "1.13"}}, {"model": "operating.npmargin", "pk": 38, "fields": {"region": 2, "industry": 38, "npy2015": "5.89", "npy2016": "6.02", "npy2017": "4.48"}}, {"model": "operating.npmargin", "pk": 39, "fields": {"region": 2, "industry": 39, "npy2015": "1.27", "npy2016": "-9.57", "npy2017": "-6.17"}}, {"model": "operating.npmargin", "pk": 40, "fields": {"region": 2, "industry": 40, "npy2015": "8.52", "npy2016": "9.95", "npy2017": "8.38"}}, {"model": "operating.npmargin", "pk": 41, "fields": {"region": 2, "industry": 41, "npy2015": "2.58", "npy2016": "2.30", "npy2017": "2.22"}}, {"model": "operating.npmargin", "pk": 42, "fields": {"region": 2, "industry": 42, "npy2015": "8.54", "npy2016": "8.08", "npy2017": "9.09"}}, {"model": "operating.npmargin", "pk": 43, "fields": {"region": 2, "industry": 43, "npy2015": "5.98", "npy2016": "6.17", "npy2017": "7.98"}}, {"model": "operating.npmargin", "pk": 44, "fields": {"region": 2, "industry": 44, "npy2015": "0.61", "npy2016": "0.52", "npy2017": "4.09"}}, {"model": "operating.npmargin", "pk": 45, "fields": {"region": 2, "industry": 45, "npy2015": "8.25", "npy2016": "8.06", "npy2017": "12.62"}}, {"model": "operating.npmargin", "pk": 46, "fields": {"region": 2, "industry": 46, "npy2015": "13.90", "npy2016": "10.22", "npy2017": "6.67"}}, {"model": "operating.npmargin", "pk": 47, "fields": {"region": 2, "industry": 47, "npy2015": "13.39", "npy2016": "12.94", "npy2017": "14.00"}}, {"model": "operating.npmargin", "pk": 48, "fields": {"region": 2, "industry": 48, "npy2015": "2.41", "npy2016": "4.30", "npy2017": "6.20"}}, {"model": "operating.npmargin", "pk": 49, "fields": {"region": 2, "industry": 49, "npy2015": "4.85", "npy2016": "7.36", "npy2017": "7.70"}}, {"model": "operating.npmargin", "pk": 50, "fields": {"region": 2, "industry": 50, "npy2015": "5.17", "npy2016": "7.20", "npy2017": "9.09"}}, {"model": "operating.npmargin", "pk": 51, "fields": {"region": 2, "industry": 51, "npy2015": "22.54", "npy2016": "18.39", "npy2017": "17.80"}}, {"model": "operating.npmargin", "pk": 52, "fields": {"region": 2, "industry": 52, "npy2015": "8.27", "npy2016": "6.60", "npy2017": "6.58"}}, {"model": "operating.npmargin", "pk": 53, "fields": {"region": 2, "industry": 53, "npy2015": "6.03", "npy2016": "-25.15", "npy2017": "-19.36"}}, {"model": "operating.npmargin", "pk": 54, "fields": {"region": 2, "industry": 54, "npy2015": "2.25", "npy2016": "4.81", "npy2017": "5.64"}}, {"model": "operating.npmargin", "pk": 55, "fields": {"region": 2, "industry": 55, "npy2015": "5.64", "npy2016": "0.56", "npy2017": "5.34"}}, {"model": "operating.npmargin", "pk": 56, "fields": {"region": 2, "industry": 56, "npy2015": "-6.62", "npy2016": "-85.74", "npy2017": "-54.71"}}, {"model": "operating.npmargin", "pk": 57, "fields": {"region": 2, "industry": 57, "npy2015": "2.04", "npy2016": "1.55", "npy2017": "3.53"}}, {"model": "operating.npmargin", "pk": 58, "fields": {"region": 2, "industry": 58, "npy2015": "0.73", "npy2016": "-4.28", "npy2017": "2.76"}}, {"model": "operating.npmargin", "pk": 59, "fields": {"region": 2, "industry": 59, "npy2015": "5.25", "npy2016": "3.78", "npy2017": "3.91"}}, {"model": "operating.npmargin", "pk": 60, "fields": {"region": 2, "industry": 60, "npy2015": "2.26", "npy2016": "8.30", "npy2017": "1.82"}}, {"model": "operating.npmargin", "pk": 61, "fields": {"region": 2, "industry": 61, "npy2015": "13.93", "npy2016": "4.01", "npy2017": "7.90"}}, {"model": "operating.npmargin", "pk": 62, "fields": {"region": 2, "industry": 62, "npy2015": "3.55", "npy2016": "-17.03", "npy2017": "-7.89"}}, {"model": "operating.npmargin", "pk": 63, "fields": {"region": 2, "industry": 63, "npy2015": "-1.18", "npy2016": "1.59", "npy2017": "2.52"}}, {"model": "operating.npmargin", "pk": 64, "fields": {"region": 2, "industry": 64, "npy2015": "24.44", "npy2016": "22.43", "npy2017": "19.93"}}, {"model": "operating.npmargin", "pk": 65, "fields": {"region": 2, "industry": 65, "npy2015": "13.45", "npy2016": "17.33", "npy2017": "-3.05"}}, {"model": "operating.npmargin", "pk": 66, "fields": {"region": 2, "industry": 66, "npy2015": "8.99", "npy2016": "4.56", "npy2017": "5.45"}}, {"model": "operating.npmargin", "pk": 67, "fields": {"region": 2, "industry": 67, "npy2015": "5.18", "npy2016": "3.95", "npy2017": "5.68"}}, {"model": "operating.npmargin", "pk": 68, "fields": {"region": 2, "industry": 68, "npy2015": "2.12", "npy2016": "6.70", "npy2017": "4.57"}}, {"model": "operating.npmargin", "pk": 69, "fields": {"region": 2, "industry": 69, "npy2015": "5.26", "npy2016": "7.45", "npy2017": "6.51"}}, {"model": "operating.npmargin", "pk": 70, "fields": {"region": 2, "industry": 70, "npy2015": "9.98", "npy2016": "9.20", "npy2017": "8.99"}}, {"model": "operating.npmargin", "pk": 71, "fields": {"region": 2, "industry": 71, "npy2015": "3.27", "npy2016": "3.63", "npy2017": "3.43"}}, {"model": "operating.npmargin", "pk": 72, "fields": {"region": 2, "industry": 72, "npy2015": "7.00", "npy2016": "6.25", "npy2017": "6.65"}}, {"model": "operating.npmargin", "pk": 73, "fields": {"region": 2, "industry": 73, "npy2015": "3.93", "npy2016": "3.52", "npy2017": "3.84"}}, {"model": "operating.npmargin", "pk": 74, "fields": {"region": 2, "industry": 74, "npy2015": "2.32", "npy2016": "2.60", "npy2017": "2.44"}}, {"model": "operating.npmargin", "pk": 75, "fields": {"region": 2, "industry": 75, "npy2015": "1.62", "npy2016": "1.89", "npy2017": "1.97"}}, {"model": "operating.npmargin", "pk": 76, "fields": {"region": 2, "industry": 76, "npy2015": "3.72", "npy2016": "2.97", "npy2017": "3.01"}}, {"model": "operating.npmargin", "pk": 77, "fields": {"region": 2, "industry": 77, "npy2015": "3.18", "npy2016": "3.17", "npy2017": "4.09"}}, {"model": "operating.npmargin", "pk": 78, "fields": {"region": 2, "industry": 78, "npy2015": "6.64", "npy2016": "2.96", "npy2017": "15.40"}}, {"model": "operating.npmargin", "pk": 79, "fields": {"region": 2, "industry": 79, "npy2015": "18.10", "npy2016": "14.27", "npy2017": "14.41"}}, {"model": "operating.npmargin", "pk": 80, "fields": {"region": 2, "industry": 80, "npy2015": "18.74", "npy2016": "11.30", "npy2017": "5.29"}}, {"model": "operating.npmargin", "pk": 81, "fields": {"region": 2, "industry": 81, "npy2015": "-1.80", "npy2016": "-7.62", "npy2017": "23.38"}}, {"model": "operating.npmargin", "pk": 82, "fields": {"region": 2, "industry": 82, "npy2015": "9.44", "npy2016": "10.04", "npy2017": "9.97"}}, {"model": "operating.npmargin", "pk": 83, "fields": {"region": 2, "industry": 83, "npy2015": "15.97", "npy2016": "14.71", "npy2017": "13.08"}}, {"model": "operating.npmargin", "pk": 84, "fields": {"region": 2, "industry": 84, "npy2015": "23.83", "npy2016": "13.08", "npy2017": "12.52"}}, {"model": "operating.npmargin", "pk": 85, "fields": {"region": 2, "industry": 85, "npy2015": "14.59", "npy2016": "11.21", "npy2017": "11.84"}}, {"model": "operating.npmargin", "pk": 86, "fields": {"region": 2, "industry": 86, "npy2015": "3.51", "npy2016": "-5.71", "npy2017": "-4.63"}}, {"model": "operating.npmargin", "pk": 87, "fields": {"region": 2, "industry": 87, "npy2015": "1.01", "npy2016": "-2.36", "npy2017": "-1.79"}}, {"model": "operating.npmargin", "pk": 88, "fields": {"region": 2, "industry": 88, "npy2015": "13.76", "npy2016": "12.11", "npy2017": "12.53"}}, {"model": "operating.npmargin", "pk": 89, "fields": {"region": 2, "industry": 89, "npy2015": "8.38", "npy2016": "9.57", "npy2017": "5.18"}}, {"model": "operating.npmargin", "pk": 90, "fields": {"region": 2, "industry": 90, "npy2015": "43.37", "npy2016": "27.39", "npy2017": "24.89"}}, {"model": "operating.npmargin", "pk": 91, "fields": {"region": 2, "industry": 91, "npy2015": "4.44", "npy2016": "4.99", "npy2017": "4.05"}}, {"model": "operating.npmargin", "pk": 92, "fields": {"region": 2, "industry": 92, "npy2015": "18.68", "npy2016": "18.31", "npy2017": "18.88"}}, {"model": "operating.npmargin", "pk": 93, "fields": {"region": 2, "industry": 93, "npy2015": "1.99", "npy2016": "3.84", "npy2017": "4.19"}}, {"model": "operating.npmargin", "pk": 94, "fields": {"region": 2, "industry": 94, "npy2015": "9.48", "npy2016": "9.41", "npy2017": "8.17"}}, {"model": "operating.npmargin", "pk": 95, "fields": {"region": 2, "industry": 95, "npy2015": "12.96", "npy2016": "13.69", "npy2017": "15.18"}}, {"model": "operating.companynetpercentage", "pk": 51, "fields": {"user": "rr", "region": "United States", "industry": "Advertising", "npy2015": 1, "npy2016": 3, "npy2017": 2}}, {"model": "operating.companynetpercentage", "pk": 52, "fields": {"user": "rr", "region": "United States", "industry": "Advertising", "npy2015": 1, "npy2016": 3, "npy2017": 2}}, {"model": "operating.companynetpercentage", "pk": 53, "fields": {"user": "rr", "region": "United States", "industry": "Advertising", "npy2015": 1, "npy2016": 2, "npy2017": 3}}, {"model": "operating.companynetpercentage", "pk": 54, "fields": {"user": "rr", "region": "United States", "industry": "Advertising", "npy2015": 1, "npy2016": 2, "npy2017": 3}}, {"model": "operating.companynetpercentage", "pk": 55, "fields": {"user": "rr", "region": "United States", "industry": "Advertising", "npy2015": 1, "npy2016": 2, "npy2017": 3}}, {"model": "operating.companynetpercentage", "pk": 56, "fields": {"user": "r", "region": "United States", "industry": "Advertising", "npy2015": 1, "npy2016": 2, "npy2017": 3}}, {"model": "operating.companynetpercentage", "pk": 57, "fields": {"user": "r", "region": "United States", "industry": "Advertising", "npy2015": 1, "npy2016": 2, "npy2017": 3}}, {"model": "operating.companynetpercentage", "pk": 58, "fields": {"user": "r", "region": "United States", "industry": "Advertising", "npy2015": 1, "npy2016": 2, "npy2017": 3}}, {"model": "operating.companynetpercentage", "pk": 59, "fields": {"user": "r", "region": "United States", "industry": "Advertising", "npy2015": 1, "npy2016": 2, "npy2017": 3}}, {"model": "operating.companynetpercentage", "pk": 60, "fields": {"user": "r", "region": "United States", "industry": "Advertising", "npy2015": 1, "npy2016": 2, "npy2017": 3}}, {"model": "operating.companynetpercentage", "pk": 61, "fields": {"user": "r", "region": "United States", "industry": "Advertising", "npy2015": 1, "npy2016": 2, "npy2017": 3}}, {"model": "operating.companynetpercentage", "pk": 62, "fields": {"user": "r", "region": "United States", "industry": "Advertising", "npy2015": 1, "npy2016": 2, "npy2017": 3}}, {"model": "operating.companynetpercentage", "pk": 63, "fields": {"user": "r", "region": "United States", "industry": "Advertising", "npy2015": 1, "npy2016": 2, "npy2017": 3}}, {"model": "operating.companynetpercentage", "pk": 64, "fields": {"user": "r", "region": "United States", "industry": "Advertising", "npy2015": 1, "npy2016": 2, "npy2017": 3}}, {"model": "operating.companynetpercentage", "pk": 65, "fields": {"user": "r", "region": "United States", "industry": "Advertising", "npy2015": 1, "npy2016": 2, "npy2017": 3}}, {"model": "operating.companynetpercentage", "pk": 66, "fields": {"user": "r", "region": "United States", "industry": "Advertising", "npy2015": 1, "npy2016": 2, "npy2017": 3}}, {"model": "operating.companynetpercentage", "pk": 67, "fields": {"user": "r", "region": "United States", "industry": "Advertising", "npy2015": 1, "npy2016": 2, "npy2017": 3}}, {"model": "operating.companynetpercentage", "pk": 68, "fields": {"user": "r", "region": "United States", "industry": "Advertising", "npy2015": 1, "npy2016": 2, "npy2017": 3}}, {"model": "operating.companynetpercentage", "pk": 69, "fields": {"user": "r", "region": "United States", "industry": "Advertising", "npy2015": 1, "npy2016": 2, "npy2017": 3}}, {"model": "operating.companynetpercentage", "pk": 70, "fields": {"user": "r", "region": "United States", "industry": "Advertising", "npy2015": 1, "npy2016": 2, "npy2017": 3}}, {"model": "operating.companynetpercentage", "pk": 71, "fields": {"user": "r", "region": "United States", "industry": "Advertising", "npy2015": 1, "npy2016": 2, "npy2017": 3}}, {"model": "operating.companynetpercentage", "pk": 72, "fields": {"user": "r", "region": "United States", "industry": "Advertising", "npy2015": 1, "npy2016": 2, "npy2017": 3}}, {"model": "operating.companynetpercentage", "pk": 73, "fields": {"user": "rr", "region": "United States", "industry": "Advertising", "npy2015": 1, "npy2016": 2, "npy2017": 4}}, {"model": "operating.companynetpercentage", "pk": 74, "fields": {"user": "rr", "region": "United States", "industry": "Advertising", "npy2015": 1, "npy2016": 2, "npy2017": 4}}, {"model": "operating.companynetpercentage", "pk": 75, "fields": {"user": "rr", "region": "United States", "industry": "Advertising", "npy2015": 1, "npy2016": 2, "npy2017": 4}}, {"model": "operating.companynetpercentage", "pk": 76, "fields": {"user": "rr", "region": "United States", "industry": "Advertising", "npy2015": 1, "npy2016": 2, "npy2017": 4}}, {"model": "operating.companynetpercentage", "pk": 77, "fields": {"user": "rr", "region": "United States", "industry": "Advertising", "npy2015": 1, "npy2016": 2, "npy2017": 3}}, {"model": "operating.companynetpercentage", "pk": 78, "fields": {"user": "rr", "region": "United States", "industry": "Advertising", "npy2015": 1, "npy2016": 2, "npy2017": 3}}, {"model": "operating.companynetpercentage", "pk": 79, "fields": {"user": "rr", "region": "United States", "industry": "Advertising", "npy2015": 1, "npy2016": 2, "npy2017": 3}}, {"model": "operating.companynetpercentage", "pk": 80, "fields": {"user": "e", "region": "United States", "industry": "Advertising", "npy2015": 1, "npy2016": 2, "npy2017": 3}}, {"model": "operating.companynetpercentage", "pk": 81, "fields": {"user": "aa", "region": "United States", "industry": "Advertising", "npy2015": 1, "npy2016": 2, "npy2017": 3}}, {"model": "operating.companynetpercentage", "pk": 82, "fields": {"user": "aa", "region": "United States", "industry": "Advertising", "npy2015": 1, "npy2016": 2, "npy2017": 3}}, {"model": "operating.companynetpercentage", "pk": 83, "fields": {"user": "c", "region": "United States", "industry": "Advertising", "npy2015": 1, "npy2016": 2, "npy2017": 3}}, {"model": "operating.companynetpercentage", "pk": 84, "fields": {"user": "dd", "region": "United States", "industry": "Advertising", "npy2015": 1, "npy2016": 1, "npy2017": 0}}, {"model": "operating.companynetpercentage", "pk": 85, "fields": {"user": "e", "region": "United States", "industry": "Advertising", "npy2015": 2, "npy2016": 1, "npy2017": 0}}, {"model": "operating.companynetpercentage", "pk": 86, "fields": {"user": "mi", "region": "United States", "industry": "Advertising", "npy2015": 2, "npy2016": 1, "npy2017": 0}}, {"model": "operating.companynetpercentage", "pk": 87, "fields": {"user": "mi", "region": "United States", "industry": "Advertising", "npy2015": 2, "npy2016": 1, "npy2017": 0}}, {"model": "operating.companynetpercentage", "pk": 88, "fields": {"user": "tttr", "region": "United States", "industry": "Advertising", "npy2015": 2, "npy2016": 3, "npy2017": 4}}, {"model": "operating.companynetpercentage", "pk": 89, "fields": {"user": "tttr", "region": "United States", "industry": "Advertising", "npy2015": 2, "npy2016": 3, "npy2017": 4}}, {"model": "operating.companynetpercentage", "pk": 90, "fields": {"user": "tttr", "region": "United States", "industry": "Advertising", "npy2015": 1, "npy2016": 2, "npy2017": 3}}, {"model": "operating.companynetpercentage", "pk": 91, "fields": {"user": "e", "region": "United States", "industry": "Advertising", "npy2015": 1, "npy2016": 2, "npy2017": 1}}, {"model": "operating.companynetpercentage", "pk": 92, "fields": {"user": "e", "region": "United States", "industry": "Advertising", "npy2015": 1, "npy2016": 2, "npy2017": 1}}, {"model": "operating.companynetpercentage", "pk": 93, "fields": {"user": "e", "region": "United States", "industry": "Advertising", "npy2015": 2, "npy2016": 3, "npy2017": 4}}, {"model": "operating.companynetpercentage", "pk": 94, "fields": {"user": "e", "region": "United States", "industry": "Advertising", "npy2015": 2, "npy2016": 3, "npy2017": 4}}, {"model": "operating.companynetpercentage", "pk": 95, "fields": {"user": "dd", "region": "United States", "industry": "Advertising", "npy2015": 1, "npy2016": 2, "npy2017": 3}}, {"model": "operating.companynetpercentage", "pk": 96, "fields": {"user": "e", "region": "United States", "industry": "Advertising", "npy2015": 1, "npy2016": 2, "npy2017": 3}}, {"model": "operating.companynetpercentage", "pk": 97, "fields": {"user": "e", "region": "United States", "industry": "Advertising", "npy2015": 1, "npy2016": 2, "npy2017": 3}}, {"model": "operating.companynetpercentage", "pk": 98, "fields": {"user": "e", "region": "United States", "industry": "Advertising", "npy2015": 1, "npy2016": 2, "npy2017": 3}}, {"model": "operating.companynetpercentage", "pk": 99, "fields": {"user": "e", "region": "United States", "industry": "Advertising", "npy2015": 1, "npy2016": 2, "npy2017": 3}}, {"model": "operating.companynetpercentage", "pk": 100, "fields": {"user": "e", "region": "United States", "industry": "Advertising", "npy2015": 1, "npy2016": 2, "npy2017": 3}}, {"model": "operating.companynetpercentage", "pk": 101, "fields": {"user": "e", "region": "United States", "industry": "Advertising", "npy2015": 1, "npy2016": 2, "npy2017": 3}}, {"model": "operating.companynetpercentage", "pk": 102, "fields": {"user": "f", "region": "United States", "industry": "Advertising", "npy2015": 2, "npy2016": 3, "npy2017": 4}}, {"model": "operating.companynetpercentage", "pk": 103, "fields": {"user": "ss", "region": "United States", "industry": "Advertising", "npy2015": 1, "npy2016": 2, "npy2017": 3}}, {"model": "operating.companynetpercentage", "pk": 104, "fields": {"user": "ss", "region": "United States", "industry": "Advertising", "npy2015": 1, "npy2016": 2, "npy2017": 3}}, {"model": "operating.companynetpercentage", "pk": 105, "fields": {"user": "ss", "region": "United States", "industry": "Advertising", "npy2015": 1, "npy2016": 2, "npy2017": 3}}, {"model": "operating.companynetpercentage", "pk": 106, "fields": {"user": "hi", "region": "United States", "industry": "Advertising", "npy2015": 1, "npy2016": 2, "npy2017": 3}}, {"model": "operating.companynetpercentage", "pk": 107, "fields": {"user": "ss", "region": "United States", "industry": "Advertising", "npy2015": 1, "npy2016": 2, "npy2017": 3}}, {"model": "operating.companynetpercentage", "pk": 108, "fields": {"user": "ff", "region": "United States", "industry": "Advertising", "npy2015": 2, "npy2016": 3, "npy2017": 1}}, {"model": "operating.companynetpercentage", "pk": 109, "fields": {"user": "ff", "region": "United States", "industry": "Advertising", "npy2015": 1, "npy2016": 2, "npy2017": 3}}, {"model": "operating.companynetpercentage", "pk": 110, "fields": {"user": "d", "region": "United States", "industry": "Advertising", "npy2015": 1, "npy2016": 2, "npy2017": 3}}, {"model": "operating.companynetpercentage", "pk": 111, "fields": {"user": "d", "region": "United States", "industry": "Advertising", "npy2015": 1, "npy2016": 2, "npy2017": 3}}, {"model": "operating.companynetpercentage", "pk": 112, "fields": {"user": "d", "region": "United States", "industry": "Advertising", "npy2015": 1, "npy2016": 2, "npy2017": 3}}, {"model": "operating.companynetpercentage", "pk": 113, "fields": {"user": "d", "region": "United States", "industry": "Advertising", "npy2015": 1, "npy2016": 2, "npy2017": 3}}, {"model": "operating.companynetpercentage", "pk": 114, "fields": {"user": "d", "region": "United States", "industry": "Advertising", "npy2015": 1, "npy2016": 2, "npy2017": 3}}, {"model": "operating.companynetpercentage", "pk": 115, "fields": {"user": "d", "region": "United States", "industry": "Advertising", "npy2015": 2, "npy2016": 3, "npy2017": 1}}, {"model": "operating.companynetpercentage", "pk": 116, "fields": {"user": "ff", "region": "United States", "industry": "Advertising", "npy2015": 1, "npy2016": 2, "npy2017": 3}}, {"model": "operating.companynetpercentage", "pk": 117, "fields": {"user": "r", "region": "United States", "industry": "Advertising", "npy2015": 3, "npy2016": 3, "npy2017": 2}}, {"model": "operating.companynetpercentage", "pk": 118, "fields": {"user": "gg", "region": "United States", "industry": "Advertising", "npy2015": 2, "npy2016": 2, "npy2017": 0}}, {"model": "operating.companynetpercentage", "pk": 119, "fields": {"user": "gg", "region": "United States", "industry": "Advertising", "npy2015": 2, "npy2016": 2, "npy2017": 0}}, {"model": "operating.companynetpercentage", "pk": 120, "fields": {"user": "d", "region": "United States", "industry": "Advertising", "npy2015": 1, "npy2016": 2, "npy2017": 0}}, {"model": "operating.companynetpercentage", "pk": 121, "fields": {"user": "d", "region": "United States", "industry": "Advertising", "npy2015": 1, "npy2016": 2, "npy2017": 0}}, {"model": "operating.companynetpercentage", "pk": 122, "fields": {"user": "x", "region": "United States", "industry": "Advertising", "npy2015": 1, "npy2016": 2, "npy2017": 0}}, {"model": "operating.companynetpercentage", "pk": 123, "fields": {"user": "x", "region": "United States", "industry": "Advertising", "npy2015": 1, "npy2016": 2, "npy2017": 0}}, {"model": "operating.companynetpercentage", "pk": 124, "fields": {"user": "x", "region": "United States", "industry": "Advertising", "npy2015": 1, "npy2016": 2, "npy2017": 3}}, {"model": "operating.companynetpercentage", "pk": 125, "fields": {"user": "fff", "region": "United States", "industry": "Advertising", "npy2015": 2, "npy2016": 3, "npy2017": 0}}, {"model": "operating.companynetpercentage", "pk": 126, "fields": {"user": "ff", "region": "United States", "industry": "Advertising", "npy2015": 1, "npy2016": 2, "npy2017": 0}}, {"model": "operating.companynetpercentage", "pk": 127, "fields": {"user": "rr", "region": "United States", "industry": "Advertising", "npy2015": 0, "npy2016": 0, "npy2017": 0}}, {"model": "operating.companynetpercentage", "pk": 128, "fields": {"user": "rr", "region": "United States", "industry": "Advertising", "npy2015": 0, "npy2016": 0, "npy2017": 0}}, {"model": "operating.companynetpercentage", "pk": 129, "fields": {"user": "rr", "region": "United States", "industry": "Advertising", "npy2015": 1, "npy2016": 2, "npy2017": 3}}, {"model": "operating.companynetpercentage", "pk": 130, "fields": {"user": "rr", "region": "United States", "industry": "Advertising", "npy2015": 1, "npy2016": 2, "npy2017": 3}}, {"model": "operating.companynetpercentage", "pk": 131, "fields": {"user": "r", "region": "United States", "industry": "Advertising", "npy2015": 1, "npy2016": 2, "npy2017": 0}}, {"model": "operating.companynetpercentage", "pk": 132, "fields": {"user": "r", "region": "United States", "industry": "Advertising", "npy2015": 0, "npy2016": 0, "npy2017": 0}}, {"model": "operating.companynetpercentage", "pk": 133, "fields": {"user": "gg", "region": "United States", "industry": "Advertising", "npy2015": 0, "npy2016": 0, "npy2017": 0}}, {"model": "operating.companynetpercentage", "pk": 134, "fields": {"user": "f", "region": "Aus, NZ & Canada", "industry": "air transport", "npy2015": 1, "npy2016": 0, "npy2017": 0}}, {"model": "operating.companynetpercentage", "pk": 135, "fields": {"user": "Nithin", "region": "United States", "industry": "Auto Parts", "npy2015": 0, "npy2016": 0, "npy2017": 0}}, {"model": "operating.companynetpercentage", "pk": 136, "fields": {"user": "Nithin", "region": "United States", "industry": "Auto Parts", "npy2015": 1, "npy2016": 2, "npy2017": 3}}, {"model": "operating.companynetpercentage", "pk": 137, "fields": {"user": "Nithin", "region": "United States", "industry": "Utility (Water)", "npy2015": 1, "npy2016": 2, "npy2017": 3}}, {"model": "operating.companynetpercentage", "pk": 138, "fields": {"user": "Nithin", "region": "United States", "industry": "Trucking", "npy2015": 1, "npy2016": 2, "npy2017": 4}}, {"model": "auth.permission", "pk": 40, "fields": {"name": "Can add log entry", "content_type": 13, "codename": "add_logentry"}}, {"model": "auth.permission", "pk": 41, "fields": {"name": "Can change log entry", "content_type": 13, "codename": "change_logentry"}}, {"model": "auth.permission", "pk": 42, "fields": {"name": "Can delete log entry", "content_type": 13, "codename": "delete_logentry"}}, {"model": "auth.permission", "pk": 43, "fields": {"name": "Can add permission", "content_type": 14, "codename": "add_permission"}}, {"model": "auth.permission", "pk": 44, "fields": {"name": "Can change permission", "content_type": 14, "codename": "change_permission"}}, {"model": "auth.permission", "pk": 45, "fields": {"name": "Can delete permission", "content_type": 14, "codename": "delete_permission"}}, {"model": "auth.permission", "pk": 46, "fields": {"name": "Can add group", "content_type": 15, "codename": "add_group"}}, {"model": "auth.permission", "pk": 47, "fields": {"name": "Can change group", "content_type": 15, "codename": "change_group"}}, {"model": "auth.permission", "pk": 48, "fields": {"name": "Can delete group", "content_type": 15, "codename": "delete_group"}}, {"model": "auth.permission", "pk": 49, "fields": {"name": "Can add user", "content_type": 16, "codename": "add_user"}}, {"model": "auth.permission", "pk": 50, "fields": {"name": "Can change user", "content_type": 16, "codename": "change_user"}}, {"model": "auth.permission", "pk": 51, "fields": {"name": "Can delete user", "content_type": 16, "codename": "delete_user"}}, {"model": "auth.permission", "pk": 52, "fields": {"name": "Can add content type", "content_type": 17, "codename": "add_contenttype"}}, {"model": "auth.permission", "pk": 53, "fields": {"name": "Can change content type", "content_type": 17, "codename": "change_contenttype"}}, {"model": "auth.permission", "pk": 54, "fields": {"name": "Can delete content type", "content_type": 17, "codename": "delete_contenttype"}}, {"model": "auth.permission", "pk": 55, "fields": {"name": "Can add session", "content_type": 18, "codename": "add_session"}}, {"model": "auth.permission", "pk": 56, "fields": {"name": "Can change session", "content_type": 18, "codename": "change_session"}}, {"model": "auth.permission", "pk": 57, "fields": {"name": "Can delete session", "content_type": 18, "codename": "delete_session"}}, {"model": "auth.permission", "pk": 58, "fields": {"name": "Can add region", "content_type": 19, "codename": "add_region"}}, {"model": "auth.permission", "pk": 59, "fields": {"name": "Can change region", "content_type": 19, "codename": "change_region"}}, {"model": "auth.permission", "pk": 60, "fields": {"name": "Can delete region", "content_type": 19, "codename": "delete_region"}}, {"model": "auth.permission", "pk": 61, "fields": {"name": "Can add industry", "content_type": 20, "codename": "add_industry"}}, {"model": "auth.permission", "pk": 62, "fields": {"name": "Can change industry", "content_type": 20, "codename": "change_industry"}}, {"model": "auth.permission", "pk": 63, "fields": {"name": "Can delete industry", "content_type": 20, "codename": "delete_industry"}}, {"model": "auth.permission", "pk": 64, "fields": {"name": "Can add user name", "content_type": 21, "codename": "add_username"}}, {"model": "auth.permission", "pk": 65, "fields": {"name": "Can change user name", "content_type": 21, "codename": "change_username"}}, {"model": "auth.permission", "pk": 66, "fields": {"name": "Can delete user name", "content_type": 21, "codename": "delete_username"}}, {"model": "auth.permission", "pk": 67, "fields": {"name": "Can add npmargin", "content_type": 22, "codename": "add_npmargin"}}, {"model": "auth.permission", "pk": 68, "fields": {"name": "Can change npmargin", "content_type": 22, "codename": "change_npmargin"}}, {"model": "auth.permission", "pk": 69, "fields": {"name": "Can delete npmargin", "content_type": 22, "codename": "delete_npmargin"}}, {"model": "auth.permission", "pk": 70, "fields": {"name": "Can add company net percentage", "content_type": 23, "codename": "add_companynetpercentage"}}, {"model": "auth.permission", "pk": 71, "fields": {"name": "Can change company net percentage", "content_type": 23, "codename": "change_companynetpercentage"}}, {"model": "auth.permission", "pk": 72, "fields": {"name": "Can delete company net percentage", "content_type": 23, "codename": "delete_companynetpercentage"}}, {"model": "auth.permission", "pk": 73, "fields": {"name": "Can add operatingmargin", "content_type": 24, "codename": "add_operatingmargin"}}, {"model": "auth.permission", "pk": 74, "fields": {"name": "Can change operatingmargin", "content_type": 24, "codename": "change_operatingmargin"}}, {"model": "auth.permission", "pk": 75, "fields": {"name": "Can delete operatingmargin", "content_type": 24, "codename": "delete_operatingmargin"}}, {"model": "auth.permission", "pk": 76, "fields": {"name": "Can add balancesheet", "content_type": 25, "codename": "add_balancesheet"}}, {"model": "auth.permission", "pk": 77, "fields": {"name": "Can change balancesheet", "content_type": 25, "codename": "change_balancesheet"}}, {"model": "auth.permission", "pk": 78, "fields": {"name": "Can delete balancesheet", "content_type": 25, "codename": "delete_balancesheet"}}, {"model": "auth.permission", "pk": 79, "fields": {"name": "Can add profitandloss", "content_type": 26, "codename": "add_profitandloss"}}, {"model": "auth.permission", "pk": 80, "fields": {"name": "Can change profitandloss", "content_type": 26, "codename": "change_profitandloss"}}, {"model": "auth.permission", "pk": 81, "fields": {"name": "Can delete profitandloss", "content_type": 26, "codename": "delete_profitandloss"}}, {"model": "auth.permission", "pk": 82, "fields": {"name": "Can add trialbalance", "content_type": 27, "codename": "add_trialbalance"}}, {"model": "auth.permission", "pk": 83, "fields": {"name": "Can change trialbalance", "content_type": 27, "codename": "change_trialbalance"}}, {"model": "auth.permission", "pk": 84, "fields": {"name": "Can delete trialbalance", "content_type": 27, "codename": "delete_trialbalance"}}, {"model": "auth.user", "pk": 2, "fields": {"password": "pbkdf2_sha256$36000$1TDODgKMp9Fl$ikS2IndNMtGOKLjj5NA1x3GaEy+FKVsSHrsgz+RTUyw=", "last_login": "2018-03-06T00:27:45.145Z", "is_superuser": true, "username": "admin", "first_name": "", "last_name": "", "email": "", "is_staff": true, "is_active": true, "date_joined": "2018-02-16T10:59:06.175Z", "groups": [], "user_permissions": []}}, {"model": "auth.user", "pk": 3, "fields": {"password": "pbkdf2_sha256$36000$PgQbyZbn2efe$RtWwSRD8WImHgkXLULooXEVJdtcbkHESOkP8aGk9TC8=", "last_login": "2018-03-06T00:25:53.332Z", "is_superuser": false, "username": "Nithin", "first_name": "Nithin", "last_name": "Pathak", "email": "nithin9196@gmail.com", "is_staff": false, "is_active": true, "date_joined": "2018-03-06T00:25:52.747Z", "groups": [], "user_permissions": []}}, {"model": "admin.logentry", "pk": 9, "fields": {"action_time": "2018-02-16T10:59:54.955Z", "user": 2, "content_type": 21, "object_id": "3", "object_repr": "rr", "action_flag": 1, "change_message": "[{\"added\": {}}]"}}, {"model": "admin.logentry", "pk": 10, "fields": {"action_time": "2018-02-16T11:00:45.111Z", "user": 2, "content_type": 19, "object_id": "2", "object_repr": "United States", "action_flag": 1, "change_message": "[{\"added\": {}}]"}}, {"model": "admin.logentry", "pk": 11, "fields": {"action_time": "2018-02-16T11:01:02.729Z", "user": 2, "content_type": 20, "object_id": "2", "object_repr": "Advertising", "action_flag": 1, "change_message": "[{\"added\": {}}]"}}, {"model": "admin.logentry", "pk": 12, "fields": {"action_time": "2018-02-16T11:01:20.159Z", "user": 2, "content_type": 22, "object_id": "2", "object_repr": "Advertising", "action_flag": 1, "change_message": "[{\"added\": {}}]"}}, {"model": "admin.logentry", "pk": 13, "fields": {"action_time": "2018-02-16T11:02:13.072Z", "user": 2, "content_type": 23, "object_id": "33", "object_repr": "rr", "action_flag": 3, "change_message": ""}}, {"model": "admin.logentry", "pk": 14, "fields": {"action_time": "2018-02-16T11:02:13.258Z", "user": 2, "content_type": 23, "object_id": "32", "object_repr": "rr", "action_flag": 3, "change_message": ""}}, {"model": "admin.logentry", "pk": 15, "fields": {"action_time": "2018-02-16T11:02:29.608Z", "user": 2, "content_type": 23, "object_id": "34", "object_repr": "rr", "action_flag": 3, "change_message": ""}}, {"model": "admin.logentry", "pk": 16, "fields": {"action_time": "2018-02-16T11:03:23.613Z", "user": 2, "content_type": 23, "object_id": "35", "object_repr": "rr", "action_flag": 3, "change_message": ""}}, {"model": "admin.logentry", "pk": 17, "fields": {"action_time": "2018-02-16T11:29:20.184Z", "user": 2, "content_type": 23, "object_id": "43", "object_repr": "rr", "action_flag": 3, "change_message": ""}}, {"model": "admin.logentry", "pk": 18, "fields": {"action_time": "2018-02-16T11:29:20.344Z", "user": 2, "content_type": 23, "object_id": "42", "object_repr": "rr", "action_flag": 3, "change_message": ""}}, {"model": "admin.logentry", "pk": 19, "fields": {"action_time": "2018-02-16T11:29:20.510Z", "user": 2, "content_type": 23, "object_id": "41", "object_repr": "rr", "action_flag": 3, "change_message": ""}}, {"model": "admin.logentry", "pk": 20, "fields": {"action_time": "2018-02-16T11:29:20.677Z", "user": 2, "content_type": 23, "object_id": "40", "object_repr": "rr", "action_flag": 3, "change_message": ""}}, {"model": "admin.logentry", "pk": 21, "fields": {"action_time": "2018-02-16T11:29:20.843Z", "user": 2, "content_type": 23, "object_id": "39", "object_repr": "rr", "action_flag": 3, "change_message": ""}}, {"model": "admin.logentry", "pk": 22, "fields": {"action_time": "2018-02-16T11:29:20.988Z", "user": 2, "content_type": 23, "object_id": "38", "object_repr": "rr", "action_flag": 3, "change_message": ""}}, {"model": "admin.logentry", "pk": 23, "fields": {"action_time": "2018-02-16T11:29:21.149Z", "user": 2, "content_type": 23, "object_id": "37", "object_repr": "rr", "action_flag": 3, "change_message": ""}}, {"model": "admin.logentry", "pk": 24, "fields": {"action_time": "2018-02-16T11:29:21.311Z", "user": 2, "content_type": 23, "object_id": "36", "object_repr": "rr", "action_flag": 3, "change_message": ""}}, {"model": "admin.logentry", "pk": 25, "fields": {"action_time": "2018-02-16T11:29:29.533Z", "user": 2, "content_type": 23, "object_id": "44", "object_repr": "rr", "action_flag": 3, "change_message": ""}}, {"model": "admin.logentry", "pk": 26, "fields": {"action_time": "2018-02-16T11:49:25.495Z", "user": 2, "content_type": 23, "object_id": "46", "object_repr": "3", "action_flag": 3, "change_message": ""}}, {"model": "admin.logentry", "pk": 27, "fields": {"action_time": "2018-02-16T11:49:25.799Z", "user": 2, "content_type": 23, "object_id": "45", "object_repr": "3", "action_flag": 3, "change_message": ""}}, {"model": "admin.logentry", "pk": 28, "fields": {"action_time": "2018-02-16T11:50:52.375Z", "user": 2, "content_type": 23, "object_id": "50", "object_repr": "rr", "action_flag": 3, "change_message": ""}}, {"model": "admin.logentry", "pk": 29, "fields": {"action_time": "2018-02-16T11:50:52.544Z", "user": 2, "content_type": 23, "object_id": "49", "object_repr": "rr", "action_flag": 3, "change_message": ""}}, {"model": "admin.logentry", "pk": 30, "fields": {"action_time": "2018-02-16T11:50:52.699Z", "user": 2, "content_type": 23, "object_id": "48", "object_repr": "rr", "action_flag": 3, "change_message": ""}}, {"model": "admin.logentry", "pk": 31, "fields": {"action_time": "2018-02-16T11:50:52.833Z", "user": 2, "content_type": 23, "object_id": "47", "object_repr": "rr", "action_flag": 3, "change_message": ""}}, {"model": "admin.logentry", "pk": 32, "fields": {"action_time": "2018-03-03T09:08:29.133Z", "user": 2, "content_type": 20, "object_id": "2", "object_repr": "Advertising", "action_flag": 2, "change_message": "[]"}}, {"model": "admin.logentry", "pk": 33, "fields": {"action_time": "2018-03-03T09:08:38.578Z", "user": 2, "content_type": 20, "object_id": "3", "object_repr": "aerospace", "action_flag": 1, "change_message": "[{\"added\": {}}]"}}, {"model": "admin.logentry", "pk": 34, "fields": {"action_time": "2018-03-03T09:08:54.316Z", "user": 2, "content_type": 20, "object_id": "4", "object_repr": "air transport", "action_flag": 1, "change_message": "[{\"added\": {}}]"}}, {"model": "admin.logentry", "pk": 35, "fields": {"action_time": "2018-03-03T09:09:00.945Z", "user": 2, "content_type": 20, "object_id": "5", "object_repr": "apparel", "action_flag": 1, "change_message": "[{\"added\": {}}]"}}, {"model": "admin.logentry", "pk": 36, "fields": {"action_time": "2018-03-03T09:10:02.212Z", "user": 2, "content_type": 19, "object_id": "3", "object_repr": "Aus, NZ & Canada", "action_flag": 1, "change_message": "[{\"added\": {}}]"}}, {"model": "admin.logentry", "pk": 37, "fields": {"action_time": "2018-03-03T09:10:08.733Z", "user": 2, "content_type": 19, "object_id": "4", "object_repr": "Europe", "action_flag": 1, "change_message": "[{\"added\": {}}]"}}, {"model": "admin.logentry", "pk": 38, "fields": {"action_time": "2018-03-03T09:10:16.572Z", "user": 2, "content_type": 19, "object_id": "5", "object_repr": "Emerging Markets", "action_flag": 1, "change_message": "[{\"added\": {}}]"}}, {"model": "admin.logentry", "pk": 39, "fields": {"action_time": "2018-03-03T09:10:22.782Z", "user": 2, "content_type": 19, "object_id": "6", "object_repr": "Japan", "action_flag": 1, "change_message": "[{\"added\": {}}]"}}, {"model": "admin.logentry", "pk": 40, "fields": {"action_time": "2018-03-03T09:11:14.758Z", "user": 2, "content_type": 22, "object_id": "2", "object_repr": "Advertising", "action_flag": 2, "change_message": "[]"}}, {"model": "admin.logentry", "pk": 41, "fields": {"action_time": "2018-03-03T09:31:51.387Z", "user": 2, "content_type": 22, "object_id": "2", "object_repr": "Advertising", "action_flag": 2, "change_message": "[{\"changed\": {\"fields\": [\"npy2015\", \"npy2016\", \"npy2017\"]}}]"}}, {"model": "admin.logentry", "pk": 42, "fields": {"action_time": "2018-03-03T09:32:18.255Z", "user": 2, "content_type": 22, "object_id": "3", "object_repr": "aerospace", "action_flag": 1, "change_message": "[{\"added\": {}}]"}}, {"model": "admin.logentry", "pk": 43, "fields": {"action_time": "2018-03-03T09:32:42.434Z", "user": 2, "content_type": 22, "object_id": "4", "object_repr": "air transport", "action_flag": 1, "change_message": "[{\"added\": {}}]"}}, {"model": "admin.logentry", "pk": 44, "fields": {"action_time": "2018-03-03T09:32:42.769Z", "user": 2, "content_type": 22, "object_id": "5", "object_repr": "air transport", "action_flag": 1, "change_message": "[{\"added\": {}}]"}}, {"model": "admin.logentry", "pk": 45, "fields": {"action_time": "2018-03-03T09:33:15.301Z", "user": 2, "content_type": 22, "object_id": "6", "object_repr": "apparel", "action_flag": 1, "change_message": "[{\"added\": {}}]"}}, {"model": "admin.logentry", "pk": 46, "fields": {"action_time": "2018-03-03T09:33:42.538Z", "user": 2, "content_type": 20, "object_id": "6", "object_repr": "Auto & Truck", "action_flag": 1, "change_message": "[{\"added\": {}}]"}}, {"model": "admin.logentry", "pk": 47, "fields": {"action_time": "2018-03-03T09:33:49.193Z", "user": 2, "content_type": 20, "object_id": "7", "object_repr": "Auto Parts", "action_flag": 1, "change_message": "[{\"added\": {}}]"}}, {"model": "admin.logentry", "pk": 48, "fields": {"action_time": "2018-03-03T09:33:53.721Z", "user": 2, "content_type": 20, "object_id": "8", "object_repr": "Bank (Money Center)", "action_flag": 1, "change_message": "[{\"added\": {}}]"}}, {"model": "admin.logentry", "pk": 49, "fields": {"action_time": "2018-03-03T09:34:28.375Z", "user": 2, "content_type": 20, "object_id": "9", "object_repr": "Banks (Regional)", "action_flag": 1, "change_message": "[{\"added\": {}}]"}}, {"model": "admin.logentry", "pk": 50, "fields": {"action_time": "2018-03-03T09:34:35.142Z", "user": 2, "content_type": 20, "object_id": "10", "object_repr": "Beverage (Alcoholic)", "action_flag": 1, "change_message": "[{\"added\": {}}]"}}, {"model": "admin.logentry", "pk": 51, "fields": {"action_time": "2018-03-03T09:34:41.279Z", "user": 2, "content_type": 20, "object_id": "11", "object_repr": "Beverage (Soft)", "action_flag": 1, "change_message": "[{\"added\": {}}]"}}, {"model": "admin.logentry", "pk": 52, "fields": {"action_time": "2018-03-03T09:34:47.401Z", "user": 2, "content_type": 20, "object_id": "12", "object_repr": "Broadcasting", "action_flag": 1, "change_message": "[{\"added\": {}}]"}}, {"model": "admin.logentry", "pk": 53, "fields": {"action_time": "2018-03-03T09:34:52.918Z", "user": 2, "content_type": 20, "object_id": "13", "object_repr": "Brokerage & Investment Ba", "action_flag": 1, "change_message": "[{\"added\": {}}]"}}, {"model": "admin.logentry", "pk": 54, "fields": {"action_time": "2018-03-03T09:35:00.740Z", "user": 2, "content_type": 20, "object_id": "14", "object_repr": "Building Materials", "action_flag": 1, "change_message": "[{\"added\": {}}]"}}, {"model": "admin.logentry", "pk": 55, "fields": {"action_time": "2018-03-03T09:35:12.803Z", "user": 2, "content_type": 20, "object_id": "15", "object_repr": "Business & Consumer Servi", "action_flag": 1, "change_message": "[{\"added\": {}}]"}}, {"model": "admin.logentry", "pk": 56, "fields": {"action_time": "2018-03-03T09:35:18.643Z", "user": 2, "content_type": 20, "object_id": "16", "object_repr": "Cable TV", "action_flag": 1, "change_message": "[{\"added\": {}}]"}}, {"model": "admin.logentry", "pk": 57, "fields": {"action_time": "2018-03-03T09:35:24.642Z", "user": 2, "content_type": 20, "object_id": "17", "object_repr": "Chemical (Basic)", "action_flag": 1, "change_message": "[{\"added\": {}}]"}}, {"model": "admin.logentry", "pk": 58, "fields": {"action_time": "2018-03-03T09:36:59.615Z", "user": 2, "content_type": 20, "object_id": "18", "object_repr": "Chemical (Diversified)", "action_flag": 1, "change_message": "[{\"added\": {}}]"}}, {"model": "admin.logentry", "pk": 59, "fields": {"action_time": "2018-03-03T09:37:07.672Z", "user": 2, "content_type": 20, "object_id": "19", "object_repr": "Chemical (Specialty)", "action_flag": 1, "change_message": "[{\"added\": {}}]"}}, {"model": "admin.logentry", "pk": 60, "fields": {"action_time": "2018-03-05T00:27:34.642Z", "user": 2, "content_type": 22, "object_id": "6", "object_repr": "apparel", "action_flag": 2, "change_message": "[]"}}, {"model": "admin.logentry", "pk": 61, "fields": {"action_time": "2018-03-06T00:36:38.223Z", "user": 2, "content_type": 20, "object_id": "20", "object_repr": "Coal & Related Energy", "action_flag": 1, "change_message": "new through import_export"}}, {"model": "admin.logentry", "pk": 62, "fields": {"action_time": "2018-03-06T00:36:38.497Z", "user": 2, "content_type": 20, "object_id": "21", "object_repr": "Computer Services", "action_flag": 1, "change_message": "new through import_export"}}, {"model": "admin.logentry", "pk": 63, "fields": {"action_time": "2018-03-06T00:36:38.679Z", "user": 2, "content_type": 20, "object_id": "22", "object_repr": "Computers/Peripherals", "action_flag": 1, "change_message": "new through import_export"}}, {"model": "admin.logentry", "pk": 64, "fields": {"action_time": "2018-03-06T00:36:38.902Z", "user": 2, "content_type": 20, "object_id": "23", "object_repr": "Construction Supplies", "action_flag": 1, "change_message": "new through import_export"}}, {"model": "admin.logentry", "pk": 65, "fields": {"action_time": "2018-03-06T00:36:39.146Z", "user": 2, "content_type": 20, "object_id": "24", "object_repr": "Diversified", "action_flag": 1, "change_message": "new through import_export"}}, {"model": "admin.logentry", "pk": 66, "fields": {"action_time": "2018-03-06T00:36:39.369Z", "user": 2, "content_type": 20, "object_id": "25", "object_repr": "Drugs (Biotechnology)", "action_flag": 1, "change_message": "new through import_export"}}, {"model": "admin.logentry", "pk": 67, "fields": {"action_time": "2018-03-06T00:36:39.596Z", "user": 2, "content_type": 20, "object_id": "26", "object_repr": "Drugs (Pharmaceutical)", "action_flag": 1, "change_message": "new through import_export"}}, {"model": "admin.logentry", "pk": 68, "fields": {"action_time": "2018-03-06T00:36:39.807Z", "user": 2, "content_type": 20, "object_id": "27", "object_repr": "Education", "action_flag": 1, "change_message": "new through import_export"}}, {"model": "admin.logentry", "pk": 69, "fields": {"action_time": "2018-03-06T00:36:40.074Z", "user": 2, "content_type": 20, "object_id": "28", "object_repr": "Electrical Equipment", "action_flag": 1, "change_message": "new through import_export"}}, {"model": "admin.logentry", "pk": 70, "fields": {"action_time": "2018-03-06T00:36:40.352Z", "user": 2, "content_type": 20, "object_id": "29", "object_repr": "Electronics (Consumer & Office)", "action_flag": 1, "change_message": "new through import_export"}}, {"model": "admin.logentry", "pk": 71, "fields": {"action_time": "2018-03-06T00:36:40.519Z", "user": 2, "content_type": 20, "object_id": "30", "object_repr": "Electronics (General)", "action_flag": 1, "change_message": "new through import_export"}}, {"model": "admin.logentry", "pk": 72, "fields": {"action_time": "2018-03-06T00:36:40.730Z", "user": 2, "content_type": 20, "object_id": "31", "object_repr": "Engineering/Construction", "action_flag": 1, "change_message": "new through import_export"}}, {"model": "admin.logentry", "pk": 73, "fields": {"action_time": "2018-03-06T00:36:40.918Z", "user": 2, "content_type": 20, "object_id": "32", "object_repr": "Entertainment", "action_flag": 1, "change_message": "new through import_export"}}, {"model": "admin.logentry", "pk": 74, "fields": {"action_time": "2018-03-06T00:36:41.107Z", "user": 2, "content_type": 20, "object_id": "33", "object_repr": "Environmental & Waste Services", "action_flag": 1, "change_message": "new through import_export"}}, {"model": "admin.logentry", "pk": 75, "fields": {"action_time": "2018-03-06T00:36:41.263Z", "user": 2, "content_type": 20, "object_id": "34", "object_repr": "Farming/Agriculture", "action_flag": 1, "change_message": "new through import_export"}}, {"model": "admin.logentry", "pk": 76, "fields": {"action_time": "2018-03-06T00:36:41.442Z", "user": 2, "content_type": 20, "object_id": "35", "object_repr": "Financial Svcs. (Non-bank & Insurance)", "action_flag": 1, "change_message": "new through import_export"}}, {"model": "admin.logentry", "pk": 77, "fields": {"action_time": "2018-03-06T00:36:41.646Z", "user": 2, "content_type": 20, "object_id": "36", "object_repr": "Food Processing", "action_flag": 1, "change_message": "new through import_export"}}, {"model": "admin.logentry", "pk": 78, "fields": {"action_time": "2018-03-06T00:36:41.818Z", "user": 2, "content_type": 20, "object_id": "37", "object_repr": "Food Wholesalers", "action_flag": 1, "change_message": "new through import_export"}}, {"model": "admin.logentry", "pk": 79, "fields": {"action_time": "2018-03-06T00:36:42.068Z", "user": 2, "content_type": 20, "object_id": "38", "object_repr": "Furn/Home Furnishings", "action_flag": 1, "change_message": "new through import_export"}}, {"model": "admin.logentry", "pk": 80, "fields": {"action_time": "2018-03-06T00:36:42.335Z", "user": 2, "content_type": 20, "object_id": "39", "object_repr": "Green & Renewable Energy", "action_flag": 1, "change_message": "new through import_export"}}, {"model": "admin.logentry", "pk": 81, "fields": {"action_time": "2018-03-06T00:36:42.540Z", "user": 2, "content_type": 20, "object_id": "40", "object_repr": "Healthcare Products", "action_flag": 1, "change_message": "new through import_export"}}, {"model": "admin.logentry", "pk": 82, "fields": {"action_time": "2018-03-06T00:36:42.696Z", "user": 2, "content_type": 20, "object_id": "41", "object_repr": "Healthcare Support Services", "action_flag": 1, "change_message": "new through import_export"}}, {"model": "admin.logentry", "pk": 83, "fields": {"action_time": "2018-03-06T00:36:42.885Z", "user": 2, "content_type": 20, "object_id": "42", "object_repr": "Heathcare Information and Technology", "action_flag": 1, "change_message": "new through import_export"}}, {"model": "admin.logentry", "pk": 84, "fields": {"action_time": "2018-03-06T00:36:43.062Z", "user": 2, "content_type": 20, "object_id": "43", "object_repr": "Homebuilding", "action_flag": 1, "change_message": "new through import_export"}}, {"model": "admin.logentry", "pk": 85, "fields": {"action_time": "2018-03-06T00:36:43.241Z", "user": 2, "content_type": 20, "object_id": "44", "object_repr": "Hospitals/Healthcare Facilities", "action_flag": 1, "change_message": "new through import_export"}}, {"model": "admin.logentry", "pk": 86, "fields": {"action_time": "2018-03-06T00:36:43.407Z", "user": 2, "content_type": 20, "object_id": "45", "object_repr": "Hotel/Gaming", "action_flag": 1, "change_message": "new through import_export"}}, {"model": "admin.logentry", "pk": 87, "fields": {"action_time": "2018-03-06T00:36:43.575Z", "user": 2, "content_type": 20, "object_id": "46", "object_repr": "Household Products", "action_flag": 1, "change_message": "new through import_export"}}, {"model": "admin.logentry", "pk": 88, "fields": {"action_time": "2018-03-06T00:36:43.763Z", "user": 2, "content_type": 20, "object_id": "47", "object_repr": "Information Services", "action_flag": 1, "change_message": "new through import_export"}}, {"model": "admin.logentry", "pk": 89, "fields": {"action_time": "2018-03-06T00:36:44.013Z", "user": 2, "content_type": 20, "object_id": "48", "object_repr": "Insurance (General)", "action_flag": 1, "change_message": "new through import_export"}}, {"model": "admin.logentry", "pk": 90, "fields": {"action_time": "2018-03-06T00:36:44.229Z", "user": 2, "content_type": 20, "object_id": "49", "object_repr": "Insurance (Life)", "action_flag": 1, "change_message": "new through import_export"}}, {"model": "admin.logentry", "pk": 91, "fields": {"action_time": "2018-03-06T00:36:44.407Z", "user": 2, "content_type": 20, "object_id": "50", "object_repr": "Insurance (Prop/Cas.)", "action_flag": 1, "change_message": "new through import_export"}}, {"model": "admin.logentry", "pk": 92, "fields": {"action_time": "2018-03-06T00:36:44.600Z", "user": 2, "content_type": 20, "object_id": "51", "object_repr": "Investments & Asset Management", "action_flag": 1, "change_message": "new through import_export"}}, {"model": "admin.logentry", "pk": 93, "fields": {"action_time": "2018-03-06T00:36:44.773Z", "user": 2, "content_type": 20, "object_id": "52", "object_repr": "Machinery", "action_flag": 1, "change_message": "new through import_export"}}, {"model": "admin.logentry", "pk": 94, "fields": {"action_time": "2018-03-06T00:36:44.962Z", "user": 2, "content_type": 20, "object_id": "53", "object_repr": "Metals & Mining", "action_flag": 1, "change_message": "new through import_export"}}, {"model": "admin.logentry", "pk": 95, "fields": {"action_time": "2018-03-06T00:36:45.185Z", "user": 2, "content_type": 20, "object_id": "54", "object_repr": "Office Equipment & Services", "action_flag": 1, "change_message": "new through import_export"}}, {"model": "admin.logentry", "pk": 96, "fields": {"action_time": "2018-03-06T00:36:45.407Z", "user": 2, "content_type": 20, "object_id": "55", "object_repr": "Oil/Gas (Integrated)", "action_flag": 1, "change_message": "new through import_export"}}, {"model": "admin.logentry", "pk": 97, "fields": {"action_time": "2018-03-06T00:36:45.607Z", "user": 2, "content_type": 20, "object_id": "56", "object_repr": "Oil/Gas (Production and Exploration)", "action_flag": 1, "change_message": "new through import_export"}}, {"model": "admin.logentry", "pk": 98, "fields": {"action_time": "2018-03-06T00:36:45.874Z", "user": 2, "content_type": 20, "object_id": "57", "object_repr": "Oil/Gas Distribution", "action_flag": 1, "change_message": "new through import_export"}}, {"model": "admin.logentry", "pk": 99, "fields": {"action_time": "2018-03-06T00:36:46.085Z", "user": 2, "content_type": 20, "object_id": "58", "object_repr": "Oilfield Svcs/Equip.", "action_flag": 1, "change_message": "new through import_export"}}, {"model": "admin.logentry", "pk": 100, "fields": {"action_time": "2018-03-06T00:36:46.285Z", "user": 2, "content_type": 20, "object_id": "59", "object_repr": "Packaging & Container", "action_flag": 1, "change_message": "new through import_export"}}, {"model": "admin.logentry", "pk": 101, "fields": {"action_time": "2018-03-06T00:36:46.463Z", "user": 2, "content_type": 20, "object_id": "60", "object_repr": "Paper/Forest Products", "action_flag": 1, "change_message": "new through import_export"}}, {"model": "admin.logentry", "pk": 102, "fields": {"action_time": "2018-03-06T00:36:46.646Z", "user": 2, "content_type": 20, "object_id": "61", "object_repr": "Power", "action_flag": 1, "change_message": "new through import_export"}}, {"model": "admin.logentry", "pk": 103, "fields": {"action_time": "2018-03-06T00:36:46.830Z", "user": 2, "content_type": 20, "object_id": "62", "object_repr": "Precious Metals", "action_flag": 1, "change_message": "new through import_export"}}, {"model": "admin.logentry", "pk": 104, "fields": {"action_time": "2018-03-06T00:36:46.996Z", "user": 2, "content_type": 20, "object_id": "63", "object_repr": "Publishing & Newspapers", "action_flag": 1, "change_message": "new through import_export"}}, {"model": "admin.logentry", "pk": 105, "fields": {"action_time": "2018-03-06T00:36:47.163Z", "user": 2, "content_type": 20, "object_id": "64", "object_repr": "R.E.I.T.", "action_flag": 1, "change_message": "new through import_export"}}, {"model": "admin.logentry", "pk": 106, "fields": {"action_time": "2018-03-06T00:36:47.330Z", "user": 2, "content_type": 20, "object_id": "65", "object_repr": "Real Estate (Development)", "action_flag": 1, "change_message": "new through import_export"}}, {"model": "admin.logentry", "pk": 107, "fields": {"action_time": "2018-03-06T00:36:47.498Z", "user": 2, "content_type": 20, "object_id": "66", "object_repr": "Real Estate (General/Diversified)", "action_flag": 1, "change_message": "new through import_export"}}, {"model": "admin.logentry", "pk": 108, "fields": {"action_time": "2018-03-06T00:36:47.680Z", "user": 2, "content_type": 20, "object_id": "67", "object_repr": "Real Estate (Operations & Services)", "action_flag": 1, "change_message": "new through import_export"}}, {"model": "admin.logentry", "pk": 109, "fields": {"action_time": "2018-03-06T00:36:47.852Z", "user": 2, "content_type": 20, "object_id": "68", "object_repr": "Recreation", "action_flag": 1, "change_message": "new through import_export"}}, {"model": "admin.logentry", "pk": 110, "fields": {"action_time": "2018-03-06T00:36:48.151Z", "user": 2, "content_type": 20, "object_id": "69", "object_repr": "Reinsurance", "action_flag": 1, "change_message": "new through import_export"}}, {"model": "admin.logentry", "pk": 111, "fields": {"action_time": "2018-03-06T00:36:48.331Z", "user": 2, "content_type": 20, "object_id": "70", "object_repr": "Restaurant/Dining", "action_flag": 1, "change_message": "new through import_export"}}, {"model": "admin.logentry", "pk": 112, "fields": {"action_time": "2018-03-06T00:36:48.499Z", "user": 2, "content_type": 20, "object_id": "71", "object_repr": "Retail (Automotive)", "action_flag": 1, "change_message": "new through import_export"}}, {"model": "admin.logentry", "pk": 113, "fields": {"action_time": "2018-03-06T00:36:48.690Z", "user": 2, "content_type": 20, "object_id": "72", "object_repr": "Retail (Building Supply)", "action_flag": 1, "change_message": "new through import_export"}}, {"model": "admin.logentry", "pk": 114, "fields": {"action_time": "2018-03-06T00:36:48.852Z", "user": 2, "content_type": 20, "object_id": "73", "object_repr": "Retail (Distributors)", "action_flag": 1, "change_message": "new through import_export"}}, {"model": "admin.logentry", "pk": 115, "fields": {"action_time": "2018-03-06T00:36:49.018Z", "user": 2, "content_type": 20, "object_id": "74", "object_repr": "Retail (General)", "action_flag": 1, "change_message": "new through import_export"}}, {"model": "admin.logentry", "pk": 116, "fields": {"action_time": "2018-03-06T00:36:49.185Z", "user": 2, "content_type": 20, "object_id": "75", "object_repr": "Retail (Grocery and Food)", "action_flag": 1, "change_message": "new through import_export"}}, {"model": "admin.logentry", "pk": 117, "fields": {"action_time": "2018-03-06T00:36:49.363Z", "user": 2, "content_type": 20, "object_id": "76", "object_repr": "Retail (Online)", "action_flag": 1, "change_message": "new through import_export"}}, {"model": "admin.logentry", "pk": 118, "fields": {"action_time": "2018-03-06T00:36:49.540Z", "user": 2, "content_type": 20, "object_id": "77", "object_repr": "Retail (Special Lines)", "action_flag": 1, "change_message": "new through import_export"}}, {"model": "admin.logentry", "pk": 119, "fields": {"action_time": "2018-03-06T00:36:49.729Z", "user": 2, "content_type": 20, "object_id": "78", "object_repr": "Rubber& Tires", "action_flag": 1, "change_message": "new through import_export"}}, {"model": "admin.logentry", "pk": 120, "fields": {"action_time": "2018-03-06T00:36:49.918Z", "user": 2, "content_type": 20, "object_id": "79", "object_repr": "Semiconductor", "action_flag": 1, "change_message": "new through import_export"}}, {"model": "admin.logentry", "pk": 121, "fields": {"action_time": "2018-03-06T00:36:50.163Z", "user": 2, "content_type": 20, "object_id": "80", "object_repr": "Semiconductor Equip", "action_flag": 1, "change_message": "new through import_export"}}, {"model": "admin.logentry", "pk": 122, "fields": {"action_time": "2018-03-06T00:36:50.352Z", "user": 2, "content_type": 20, "object_id": "81", "object_repr": "Shipbuilding & Marine", "action_flag": 1, "change_message": "new through import_export"}}, {"model": "admin.logentry", "pk": 123, "fields": {"action_time": "2018-03-06T00:36:50.529Z", "user": 2, "content_type": 20, "object_id": "82", "object_repr": "Shoe", "action_flag": 1, "change_message": "new through import_export"}}, {"model": "admin.logentry", "pk": 124, "fields": {"action_time": "2018-03-06T00:36:50.729Z", "user": 2, "content_type": 20, "object_id": "83", "object_repr": "Software (Entertainment)", "action_flag": 1, "change_message": "new through import_export"}}, {"model": "admin.logentry", "pk": 125, "fields": {"action_time": "2018-03-06T00:36:50.930Z", "user": 2, "content_type": 20, "object_id": "84", "object_repr": "Software (Internet)", "action_flag": 1, "change_message": "new through import_export"}}, {"model": "admin.logentry", "pk": 126, "fields": {"action_time": "2018-03-06T00:36:51.118Z", "user": 2, "content_type": 20, "object_id": "85", "object_repr": "Software (System & Application)", "action_flag": 1, "change_message": "new through import_export"}}, {"model": "admin.logentry", "pk": 127, "fields": {"action_time": "2018-03-06T00:36:51.319Z", "user": 2, "content_type": 20, "object_id": "86", "object_repr": "Steel", "action_flag": 1, "change_message": "new through import_export"}}, {"model": "admin.logentry", "pk": 128, "fields": {"action_time": "2018-03-06T00:36:51.494Z", "user": 2, "content_type": 20, "object_id": "87", "object_repr": "Telecom (Wireless)", "action_flag": 1, "change_message": "new through import_export"}}, {"model": "admin.logentry", "pk": 129, "fields": {"action_time": "2018-03-06T00:36:51.682Z", "user": 2, "content_type": 20, "object_id": "88", "object_repr": "Telecom. Equipment", "action_flag": 1, "change_message": "new through import_export"}}, {"model": "admin.logentry", "pk": 130, "fields": {"action_time": "2018-03-06T00:36:51.885Z", "user": 2, "content_type": 20, "object_id": "89", "object_repr": "Telecom. Services", "action_flag": 1, "change_message": "new through import_export"}}, {"model": "admin.logentry", "pk": 131, "fields": {"action_time": "2018-03-06T00:36:52.245Z", "user": 2, "content_type": 20, "object_id": "90", "object_repr": "Tobacco", "action_flag": 1, "change_message": "new through import_export"}}, {"model": "admin.logentry", "pk": 132, "fields": {"action_time": "2018-03-06T00:36:52.430Z", "user": 2, "content_type": 20, "object_id": "91", "object_repr": "Transportation", "action_flag": 1, "change_message": "new through import_export"}}, {"model": "admin.logentry", "pk": 133, "fields": {"action_time": "2018-03-06T00:36:52.641Z", "user": 2, "content_type": 20, "object_id": "92", "object_repr": "Transportation (Railroads)", "action_flag": 1, "change_message": "new through import_export"}}, {"model": "admin.logentry", "pk": 134, "fields": {"action_time": "2018-03-06T00:36:52.840Z", "user": 2, "content_type": 20, "object_id": "93", "object_repr": "Trucking", "action_flag": 1, "change_message": "new through import_export"}}, {"model": "admin.logentry", "pk": 135, "fields": {"action_time": "2018-03-06T00:36:53.051Z", "user": 2, "content_type": 20, "object_id": "94", "object_repr": "Utility (General)", "action_flag": 1, "change_message": "new through import_export"}}, {"model": "admin.logentry", "pk": 136, "fields": {"action_time": "2018-03-06T00:36:53.229Z", "user": 2, "content_type": 20, "object_id": "95", "object_repr": "Utility (Water)", "action_flag": 1, "change_message": "new through import_export"}}, {"model": "admin.logentry", "pk": 137, "fields": {"action_time": "2018-03-06T00:39:21.200Z", "user": 2, "content_type": 22, "object_id": "20", "object_repr": "Coal & Related Energy", "action_flag": 1, "change_message": "new through import_export"}}, {"model": "admin.logentry", "pk": 138, "fields": {"action_time": "2018-03-06T00:39:21.361Z", "user": 2, "content_type": 22, "object_id": "21", "object_repr": "Computer Services", "action_flag": 1, "change_message": "new through import_export"}}, {"model": "admin.logentry", "pk": 139, "fields": {"action_time": "2018-03-06T00:39:21.563Z", "user": 2, "content_type": 22, "object_id": "22", "object_repr": "Computers/Peripherals", "action_flag": 1, "change_message": "new through import_export"}}, {"model": "admin.logentry", "pk": 140, "fields": {"action_time": "2018-03-06T00:39:21.761Z", "user": 2, "content_type": 22, "object_id": "23", "object_repr": "Construction Supplies", "action_flag": 1, "change_message": "new through import_export"}}, {"model": "admin.logentry", "pk": 141, "fields": {"action_time": "2018-03-06T00:39:21.985Z", "user": 2, "content_type": 22, "object_id": "24", "object_repr": "Diversified", "action_flag": 1, "change_message": "new through import_export"}}, {"model": "admin.logentry", "pk": 142, "fields": {"action_time": "2018-03-06T00:39:22.278Z", "user": 2, "content_type": 22, "object_id": "25", "object_repr": "Drugs (Biotechnology)", "action_flag": 1, "change_message": "new through import_export"}}, {"model": "admin.logentry", "pk": 143, "fields": {"action_time": "2018-03-06T00:39:22.723Z", "user": 2, "content_type": 22, "object_id": "26", "object_repr": "Drugs (Pharmaceutical)", "action_flag": 1, "change_message": "new through import_export"}}, {"model": "admin.logentry", "pk": 144, "fields": {"action_time": "2018-03-06T00:39:22.983Z", "user": 2, "content_type": 22, "object_id": "27", "object_repr": "Education", "action_flag": 1, "change_message": "new through import_export"}}, {"model": "admin.logentry", "pk": 145, "fields": {"action_time": "2018-03-06T00:39:23.163Z", "user": 2, "content_type": 22, "object_id": "28", "object_repr": "Electrical Equipment", "action_flag": 1, "change_message": "new through import_export"}}, {"model": "admin.logentry", "pk": 146, "fields": {"action_time": "2018-03-06T00:39:23.396Z", "user": 2, "content_type": 22, "object_id": "29", "object_repr": "Electronics (Consumer & Office)", "action_flag": 1, "change_message": "new through import_export"}}, {"model": "admin.logentry", "pk": 147, "fields": {"action_time": "2018-03-06T00:39:23.576Z", "user": 2, "content_type": 22, "object_id": "30", "object_repr": "Electronics (General)", "action_flag": 1, "change_message": "new through import_export"}}, {"model": "admin.logentry", "pk": 148, "fields": {"action_time": "2018-03-06T00:39:23.763Z", "user": 2, "content_type": 22, "object_id": "31", "object_repr": "Engineering/Construction", "action_flag": 1, "change_message": "new through import_export"}}, {"model": "admin.logentry", "pk": 149, "fields": {"action_time": "2018-03-06T00:39:24.008Z", "user": 2, "content_type": 22, "object_id": "32", "object_repr": "Entertainment", "action_flag": 1, "change_message": "new through import_export"}}, {"model": "admin.logentry", "pk": 150, "fields": {"action_time": "2018-03-06T00:39:24.241Z", "user": 2, "content_type": 22, "object_id": "33", "object_repr": "Environmental & Waste Services", "action_flag": 1, "change_message": "new through import_export"}}, {"model": "admin.logentry", "pk": 151, "fields": {"action_time": "2018-03-06T00:39:24.419Z", "user": 2, "content_type": 22, "object_id": "34", "object_repr": "Farming/Agriculture", "action_flag": 1, "change_message": "new through import_export"}}, {"model": "admin.logentry", "pk": 152, "fields": {"action_time": "2018-03-06T00:39:24.596Z", "user": 2, "content_type": 22, "object_id": "35", "object_repr": "Financial Svcs. (Non-bank & Insurance)", "action_flag": 1, "change_message": "new through import_export"}}, {"model": "admin.logentry", "pk": 153, "fields": {"action_time": "2018-03-06T00:39:24.900Z", "user": 2, "content_type": 22, "object_id": "36", "object_repr": "Food Processing", "action_flag": 1, "change_message": "new through import_export"}}, {"model": "admin.logentry", "pk": 154, "fields": {"action_time": "2018-03-06T00:39:25.105Z", "user": 2, "content_type": 22, "object_id": "37", "object_repr": "Food Wholesalers", "action_flag": 1, "change_message": "new through import_export"}}, {"model": "admin.logentry", "pk": 155, "fields": {"action_time": "2018-03-06T00:39:25.274Z", "user": 2, "content_type": 22, "object_id": "38", "object_repr": "Furn/Home Furnishings", "action_flag": 1, "change_message": "new through import_export"}}, {"model": "admin.logentry", "pk": 156, "fields": {"action_time": "2018-03-06T00:39:25.452Z", "user": 2, "content_type": 22, "object_id": "39", "object_repr": "Green & Renewable Energy", "action_flag": 1, "change_message": "new through import_export"}}, {"model": "admin.logentry", "pk": 157, "fields": {"action_time": "2018-03-06T00:39:25.630Z", "user": 2, "content_type": 22, "object_id": "40", "object_repr": "Healthcare Products", "action_flag": 1, "change_message": "new through import_export"}}, {"model": "admin.logentry", "pk": 158, "fields": {"action_time": "2018-03-06T00:39:25.807Z", "user": 2, "content_type": 22, "object_id": "41", "object_repr": "Healthcare Support Services", "action_flag": 1, "change_message": "new through import_export"}}, {"model": "admin.logentry", "pk": 159, "fields": {"action_time": "2018-03-06T00:39:26.041Z", "user": 2, "content_type": 22, "object_id": "42", "object_repr": "Heathcare Information and Technology", "action_flag": 1, "change_message": "new through import_export"}}, {"model": "admin.logentry", "pk": 160, "fields": {"action_time": "2018-03-06T00:39:26.207Z", "user": 2, "content_type": 22, "object_id": "43", "object_repr": "Homebuilding", "action_flag": 1, "change_message": "new through import_export"}}, {"model": "admin.logentry", "pk": 161, "fields": {"action_time": "2018-03-06T00:39:26.385Z", "user": 2, "content_type": 22, "object_id": "44", "object_repr": "Hospitals/Healthcare Facilities", "action_flag": 1, "change_message": "new through import_export"}}, {"model": "admin.logentry", "pk": 162, "fields": {"action_time": "2018-03-06T00:39:26.596Z", "user": 2, "content_type": 22, "object_id": "45", "object_repr": "Hotel/Gaming", "action_flag": 1, "change_message": "new through import_export"}}, {"model": "admin.logentry", "pk": 163, "fields": {"action_time": "2018-03-06T00:39:26.796Z", "user": 2, "content_type": 22, "object_id": "46", "object_repr": "Household Products", "action_flag": 1, "change_message": "new through import_export"}}, {"model": "admin.logentry", "pk": 164, "fields": {"action_time": "2018-03-06T00:39:26.979Z", "user": 2, "content_type": 22, "object_id": "47", "object_repr": "Information Services", "action_flag": 1, "change_message": "new through import_export"}}, {"model": "admin.logentry", "pk": 165, "fields": {"action_time": "2018-03-06T00:39:27.151Z", "user": 2, "content_type": 22, "object_id": "48", "object_repr": "Insurance (General)", "action_flag": 1, "change_message": "new through import_export"}}, {"model": "admin.logentry", "pk": 166, "fields": {"action_time": "2018-03-06T00:39:27.329Z", "user": 2, "content_type": 22, "object_id": "49", "object_repr": "Insurance (Life)", "action_flag": 1, "change_message": "new through import_export"}}, {"model": "admin.logentry", "pk": 167, "fields": {"action_time": "2018-03-06T00:39:27.518Z", "user": 2, "content_type": 22, "object_id": "50", "object_repr": "Insurance (Prop/Cas.)", "action_flag": 1, "change_message": "new through import_export"}}, {"model": "admin.logentry", "pk": 168, "fields": {"action_time": "2018-03-06T00:39:27.696Z", "user": 2, "content_type": 22, "object_id": "51", "object_repr": "Investments & Asset Management", "action_flag": 1, "change_message": "new through import_export"}}, {"model": "admin.logentry", "pk": 169, "fields": {"action_time": "2018-03-06T00:39:27.888Z", "user": 2, "content_type": 22, "object_id": "52", "object_repr": "Machinery", "action_flag": 1, "change_message": "new through import_export"}}, {"model": "admin.logentry", "pk": 170, "fields": {"action_time": "2018-03-06T00:39:28.162Z", "user": 2, "content_type": 22, "object_id": "53", "object_repr": "Metals & Mining", "action_flag": 1, "change_message": "new through import_export"}}, {"model": "admin.logentry", "pk": 171, "fields": {"action_time": "2018-03-06T00:39:28.329Z", "user": 2, "content_type": 22, "object_id": "54", "object_repr": "Office Equipment & Services", "action_flag": 1, "change_message": "new through import_export"}}, {"model": "admin.logentry", "pk": 172, "fields": {"action_time": "2018-03-06T00:39:28.507Z", "user": 2, "content_type": 22, "object_id": "55", "object_repr": "Oil/Gas (Integrated)", "action_flag": 1, "change_message": "new through import_export"}}, {"model": "admin.logentry", "pk": 173, "fields": {"action_time": "2018-03-06T00:39:28.707Z", "user": 2, "content_type": 22, "object_id": "56", "object_repr": "Oil/Gas (Production and Exploration)", "action_flag": 1, "change_message": "new through import_export"}}, {"model": "admin.logentry", "pk": 174, "fields": {"action_time": "2018-03-06T00:39:28.886Z", "user": 2, "content_type": 22, "object_id": "57", "object_repr": "Oil/Gas Distribution", "action_flag": 1, "change_message": "new through import_export"}}, {"model": "admin.logentry", "pk": 175, "fields": {"action_time": "2018-03-06T00:39:29.085Z", "user": 2, "content_type": 22, "object_id": "58", "object_repr": "Oilfield Svcs/Equip.", "action_flag": 1, "change_message": "new through import_export"}}, {"model": "admin.logentry", "pk": 176, "fields": {"action_time": "2018-03-06T00:39:29.274Z", "user": 2, "content_type": 22, "object_id": "59", "object_repr": "Packaging & Container", "action_flag": 1, "change_message": "new through import_export"}}, {"model": "admin.logentry", "pk": 177, "fields": {"action_time": "2018-03-06T00:39:29.463Z", "user": 2, "content_type": 22, "object_id": "60", "object_repr": "Paper/Forest Products", "action_flag": 1, "change_message": "new through import_export"}}, {"model": "admin.logentry", "pk": 178, "fields": {"action_time": "2018-03-06T00:39:29.629Z", "user": 2, "content_type": 22, "object_id": "61", "object_repr": "Power", "action_flag": 1, "change_message": "new through import_export"}}, {"model": "admin.logentry", "pk": 179, "fields": {"action_time": "2018-03-06T00:39:29.806Z", "user": 2, "content_type": 22, "object_id": "62", "object_repr": "Precious Metals", "action_flag": 1, "change_message": "new through import_export"}}, {"model": "admin.logentry", "pk": 180, "fields": {"action_time": "2018-03-06T00:39:30.044Z", "user": 2, "content_type": 22, "object_id": "63", "object_repr": "Publishing & Newspapers", "action_flag": 1, "change_message": "new through import_export"}}, {"model": "admin.logentry", "pk": 181, "fields": {"action_time": "2018-03-06T00:39:30.223Z", "user": 2, "content_type": 22, "object_id": "64", "object_repr": "R.E.I.T.", "action_flag": 1, "change_message": "new through import_export"}}, {"model": "admin.logentry", "pk": 182, "fields": {"action_time": "2018-03-06T00:39:30.407Z", "user": 2, "content_type": 22, "object_id": "65", "object_repr": "Real Estate (Development)", "action_flag": 1, "change_message": "new through import_export"}}, {"model": "admin.logentry", "pk": 183, "fields": {"action_time": "2018-03-06T00:39:30.596Z", "user": 2, "content_type": 22, "object_id": "66", "object_repr": "Real Estate (General/Diversified)", "action_flag": 1, "change_message": "new through import_export"}}, {"model": "admin.logentry", "pk": 184, "fields": {"action_time": "2018-03-06T00:39:30.809Z", "user": 2, "content_type": 22, "object_id": "67", "object_repr": "Real Estate (Operations & Services)", "action_flag": 1, "change_message": "new through import_export"}}, {"model": "admin.logentry", "pk": 185, "fields": {"action_time": "2018-03-06T00:39:30.985Z", "user": 2, "content_type": 22, "object_id": "68", "object_repr": "Recreation", "action_flag": 1, "change_message": "new through import_export"}}, {"model": "admin.logentry", "pk": 186, "fields": {"action_time": "2018-03-06T00:39:31.184Z", "user": 2, "content_type": 22, "object_id": "69", "object_repr": "Reinsurance", "action_flag": 1, "change_message": "new through import_export"}}, {"model": "admin.logentry", "pk": 187, "fields": {"action_time": "2018-03-06T00:39:31.384Z", "user": 2, "content_type": 22, "object_id": "70", "object_repr": "Restaurant/Dining", "action_flag": 1, "change_message": "new through import_export"}}, {"model": "admin.logentry", "pk": 188, "fields": {"action_time": "2018-03-06T00:39:31.551Z", "user": 2, "content_type": 22, "object_id": "71", "object_repr": "Retail (Automotive)", "action_flag": 1, "change_message": "new through import_export"}}, {"model": "admin.logentry", "pk": 189, "fields": {"action_time": "2018-03-06T00:39:31.756Z", "user": 2, "content_type": 22, "object_id": "72", "object_repr": "Retail (Building Supply)", "action_flag": 1, "change_message": "new through import_export"}}, {"model": "admin.logentry", "pk": 190, "fields": {"action_time": "2018-03-06T00:39:31.973Z", "user": 2, "content_type": 22, "object_id": "73", "object_repr": "Retail (Distributors)", "action_flag": 1, "change_message": "new through import_export"}}, {"model": "admin.logentry", "pk": 191, "fields": {"action_time": "2018-03-06T00:39:32.240Z", "user": 2, "content_type": 22, "object_id": "74", "object_repr": "Retail (General)", "action_flag": 1, "change_message": "new through import_export"}}, {"model": "admin.logentry", "pk": 192, "fields": {"action_time": "2018-03-06T00:39:32.429Z", "user": 2, "content_type": 22, "object_id": "75", "object_repr": "Retail (Grocery and Food)", "action_flag": 1, "change_message": "new through import_export"}}, {"model": "admin.logentry", "pk": 193, "fields": {"action_time": "2018-03-06T00:39:32.596Z", "user": 2, "content_type": 22, "object_id": "76", "object_repr": "Retail (Online)", "action_flag": 1, "change_message": "new through import_export"}}, {"model": "admin.logentry", "pk": 194, "fields": {"action_time": "2018-03-06T00:39:32.751Z", "user": 2, "content_type": 22, "object_id": "77", "object_repr": "Retail (Special Lines)", "action_flag": 1, "change_message": "new through import_export"}}, {"model": "admin.logentry", "pk": 195, "fields": {"action_time": "2018-03-06T00:39:32.917Z", "user": 2, "content_type": 22, "object_id": "78", "object_repr": "Rubber& Tires", "action_flag": 1, "change_message": "new through import_export"}}, {"model": "admin.logentry", "pk": 196, "fields": {"action_time": "2018-03-06T00:39:33.073Z", "user": 2, "content_type": 22, "object_id": "79", "object_repr": "Semiconductor", "action_flag": 1, "change_message": "new through import_export"}}, {"model": "admin.logentry", "pk": 197, "fields": {"action_time": "2018-03-06T00:39:33.250Z", "user": 2, "content_type": 22, "object_id": "80", "object_repr": "Semiconductor Equip", "action_flag": 1, "change_message": "new through import_export"}}, {"model": "admin.logentry", "pk": 198, "fields": {"action_time": "2018-03-06T00:39:33.450Z", "user": 2, "content_type": 22, "object_id": "81", "object_repr": "Shipbuilding & Marine", "action_flag": 1, "change_message": "new through import_export"}}, {"model": "admin.logentry", "pk": 199, "fields": {"action_time": "2018-03-06T00:39:33.629Z", "user": 2, "content_type": 22, "object_id": "82", "object_repr": "Shoe", "action_flag": 1, "change_message": "new through import_export"}}, {"model": "admin.logentry", "pk": 200, "fields": {"action_time": "2018-03-06T00:39:33.811Z", "user": 2, "content_type": 22, "object_id": "83", "object_repr": "Software (Entertainment)", "action_flag": 1, "change_message": "new through import_export"}}, {"model": "admin.logentry", "pk": 201, "fields": {"action_time": "2018-03-06T00:39:34.083Z", "user": 2, "content_type": 22, "object_id": "84", "object_repr": "Software (Internet)", "action_flag": 1, "change_message": "new through import_export"}}, {"model": "admin.logentry", "pk": 202, "fields": {"action_time": "2018-03-06T00:39:34.340Z", "user": 2, "content_type": 22, "object_id": "85", "object_repr": "Software (System & Application)", "action_flag": 1, "change_message": "new through import_export"}}, {"model": "admin.logentry", "pk": 203, "fields": {"action_time": "2018-03-06T00:39:34.507Z", "user": 2, "content_type": 22, "object_id": "86", "object_repr": "Steel", "action_flag": 1, "change_message": "new through import_export"}}, {"model": "admin.logentry", "pk": 204, "fields": {"action_time": "2018-03-06T00:39:34.696Z", "user": 2, "content_type": 22, "object_id": "87", "object_repr": "Telecom (Wireless)", "action_flag": 1, "change_message": "new through import_export"}}, {"model": "admin.logentry", "pk": 205, "fields": {"action_time": "2018-03-06T00:39:34.889Z", "user": 2, "content_type": 22, "object_id": "88", "object_repr": "Telecom. Equipment", "action_flag": 1, "change_message": "new through import_export"}}, {"model": "admin.logentry", "pk": 206, "fields": {"action_time": "2018-03-06T00:39:35.062Z", "user": 2, "content_type": 22, "object_id": "89", "object_repr": "Telecom. Services", "action_flag": 1, "change_message": "new through import_export"}}, {"model": "admin.logentry", "pk": 207, "fields": {"action_time": "2018-03-06T00:39:35.229Z", "user": 2, "content_type": 22, "object_id": "90", "object_repr": "Tobacco", "action_flag": 1, "change_message": "new through import_export"}}, {"model": "admin.logentry", "pk": 208, "fields": {"action_time": "2018-03-06T00:39:35.513Z", "user": 2, "content_type": 22, "object_id": "91", "object_repr": "Transportation", "action_flag": 1, "change_message": "new through import_export"}}, {"model": "admin.logentry", "pk": 209, "fields": {"action_time": "2018-03-06T00:39:35.718Z", "user": 2, "content_type": 22, "object_id": "92", "object_repr": "Transportation (Railroads)", "action_flag": 1, "change_message": "new through import_export"}}, {"model": "admin.logentry", "pk": 210, "fields": {"action_time": "2018-03-06T00:39:35.972Z", "user": 2, "content_type": 22, "object_id": "93", "object_repr": "Trucking", "action_flag": 1, "change_message": "new through import_export"}}, {"model": "admin.logentry", "pk": 211, "fields": {"action_time": "2018-03-06T00:39:36.246Z", "user": 2, "content_type": 22, "object_id": "94", "object_repr": "Utility (General)", "action_flag": 1, "change_message": "new through import_export"}}, {"model": "admin.logentry", "pk": 212, "fields": {"action_time": "2018-03-06T00:39:36.418Z", "user": 2, "content_type": 22, "object_id": "95", "object_repr": "Utility (Water)", "action_flag": 1, "change_message": "new through import_export"}}]